event_uid,run_id,timestamp,event_type,video_id,track_id,class_name,global_id,zone_id,duration,frame_id,t,t_sync,prev_camera,next_camera
20260112_211653::CAMERA_DEBUT_COULOIR_DROIT::person:10::intrusion_confirmed::ZONE_STOCKAGE::270,20260112_211653,2026-01-12 21:19:22,intrusion_confirmed,CAMERA_DEBUT_COULOIR_DROIT,person:10,person,1,ZONE_STOCKAGE,0.0,270,11.40021901038691,696.4002190103869,CAMERA_HALL_PORTE_GAUCHE,CAMERA_HALL_PORTE_GAUCHE
20260112_211653::CAMERA_DEBUT_COULOIR_DROIT::person:10::intrusion_ended::ZONE_STOCKAGE::336,20260112_211653,2026-01-12 21:19:22,intrusion_ended,CAMERA_DEBUT_COULOIR_DROIT,person:10,person,1,ZONE_STOCKAGE,2.2326838417968435,336,13.632902852183754,698.6329028521837,CAMERA_HALL_PORTE_GAUCHE,CAMERA_HALL_PORTE_GAUCHE
20260112_211653::CAMERA_DEBUT_COULOIR_DROIT::person:21::intrusion_confirmed::ZONE_STOCKAGE::960,20260112_211653,2026-01-12 21:19:22,intrusion_confirmed,CAMERA_DEBUT_COULOIR_DROIT,person:21,person,1,ZONE_STOCKAGE,0.0,960,35.655284382634434,720.6552843826345,CAMERA_HALL_PORTE_GAUCHE,CAMERA_HALL_PORTE_GAUCHE
20260112_211653::CAMERA_DEBUT_COULOIR_DROIT::person:21::intrusion_ended::ZONE_STOCKAGE::1008,20260112_211653,2026-01-12 21:19:22,intrusion_ended,CAMERA_DEBUT_COULOIR_DROIT,person:21,person,1,ZONE_STOCKAGE,1.6237700667613382,1008,37.27905444939577,722.2790544493957,CAMERA_HALL_PORTE_GAUCHE,CAMERA_ESCALIER_DEBUT_COULOIR_GAUCHE
20260112_211653::CAMERA_DEBUT_COULOIR_DROIT::person:21::intrusion_confirmed::ZONE_STOCKAGE::1009,20260112_211653,2026-01-12 21:19:22,intrusion_confirmed,CAMERA_DEBUT_COULOIR_DROIT,person:21,person,1,ZONE_STOCKAGE,0.0,1009,37.312882992453304,722.3128829924533,CAMERA_HALL_PORTE_GAUCHE,CAMERA_ESCALIER_DEBUT_COULOIR_GAUCHE
20260112_211653::CAMERA_DEBUT_COULOIR_DROIT::person:21::intrusion_ended::ZONE_STOCKAGE::1010,20260112_211653,2026-01-12 21:19:22,intrusion_ended,CAMERA_DEBUT_COULOIR_DROIT,person:21,person,1,ZONE_STOCKAGE,0.03382854305752403,1010,37.34671153551083,722.3467115355108,CAMERA_HALL_PORTE_GAUCHE,CAMERA_ESCALIER_DEBUT_COULOIR_GAUCHE
20260112_211653::CAMERA_DEBUT_COULOIR_DROIT::person:21::intrusion_confirmed::ZONE_STOCKAGE::1011,20260112_211653,2026-01-12 21:19:22,intrusion_confirmed,CAMERA_DEBUT_COULOIR_DROIT,person:21,person,1,ZONE_STOCKAGE,0.0,1011,37.38054007856836,722.3805400785684,CAMERA_HALL_PORTE_GAUCHE,CAMERA_ESCALIER_DEBUT_COULOIR_GAUCHE
20260112_211653::CAMERA_DEBUT_COULOIR_DROIT::person:21::intrusion_ended::ZONE_STOCKAGE::1027,20260112_211653,2026-01-12 21:19:22,intrusion_ended,CAMERA_DEBUT_COULOIR_DROIT,person:21,person,1,ZONE_STOCKAGE,0.5412566889204484,1027,37.92179676748881,722.9217967674888,CAMERA_HALL_PORTE_GAUCHE,CAMERA_ESCALIER_DEBUT_COULOIR_GAUCHE
20260112_211653::CAMERA_DEBUT_COULOIR_DROIT::person:21::intrusion_confirmed::ZONE_STOCKAGE::1056,20260112_211653,2026-01-12 21:19:22,intrusion_confirmed,CAMERA_DEBUT_COULOIR_DROIT,person:21,person,1,ZONE_STOCKAGE,0.0,1056,38.90282451615712,723.9028245161571,CAMERA_HALL_PORTE_GAUCHE,CAMERA_ESCALIER_DEBUT_COULOIR_GAUCHE
20260112_211653::CAMERA_DEBUT_COULOIR_DROIT::person:21::intrusion_ended::ZONE_STOCKAGE::1058,20260112_211653,2026-01-12 21:19:22,intrusion_ended,CAMERA_DEBUT_COULOIR_DROIT,person:21,person,1,ZONE_STOCKAGE,0.06765708611505517,1058,38.97048160227217,723.9704816022722,CAMERA_HALL_PORTE_GAUCHE,CAMERA_ESCALIER_DEBUT_COULOIR_GAUCHE
20260112_211653::CAMERA_DEBUT_COULOIR_DROIT::person:25::intrusion_confirmed::ZONE_STOCKAGE::1125,20260112_211653,2026-01-12 21:19:22,intrusion_confirmed,CAMERA_DEBUT_COULOIR_DROIT,person:25,person,1,ZONE_STOCKAGE,0.0,1125,41.23699398712654,726.2369939871265,CAMERA_HALL_PORTE_GAUCHE,CAMERA_HALL_PORTE_GAUCHE
20260112_211653::CAMERA_DEBUT_COULOIR_DROIT::person:25::intrusion_ended::ZONE_STOCKAGE::1125,20260112_211653,2026-01-12 21:19:22,intrusion_ended,CAMERA_DEBUT_COULOIR_DROIT,person:25,person,1,ZONE_STOCKAGE,0.0,1125,41.23699398712654,726.2369939871265,CAMERA_HALL_PORTE_GAUCHE,CAMERA_HALL_PORTE_GAUCHE
20260112_211653::CAMERA_DEBUT_COULOIR_DROIT::person:26::intrusion_confirmed::ZONE_STOCKAGE::1429,20260112_211653,2026-01-12 21:19:22,intrusion_confirmed,CAMERA_DEBUT_COULOIR_DROIT,person:26,person,1,ZONE_STOCKAGE,0.0,1429,51.52087107661503,736.520871076615,CAMERA_HALL_PORTE_ENTREE,CAMERA_HALL_PORTE_ENTREE
20260112_211653::CAMERA_DEBUT_COULOIR_DROIT::person:26::intrusion_ended::ZONE_STOCKAGE::1449,20260112_211653,2026-01-12 21:19:22,intrusion_ended,CAMERA_DEBUT_COULOIR_DROIT,person:26,person,1,ZONE_STOCKAGE,0.6765708611505588,1449,52.19744193776559,737.1974419377656,CAMERA_HALL_PORTE_ENTREE,CAMERA_HALL_PORTE_ENTREE
20260112_211653::CAMERA_DEBUT_COULOIR_DROIT::person:32::intrusion_confirmed::ZONE_STOCKAGE::1784,20260112_211653,2026-01-12 21:19:22,intrusion_confirmed,CAMERA_DEBUT_COULOIR_DROIT,person:32,person,1,ZONE_STOCKAGE,0.0,1784,63.53000386203745,748.5300038620375,CAMERA_HALL_PORTE_ENTREE,CAMERA_FIN_COULOIR_DROIT
20260112_211653::CAMERA_DEBUT_COULOIR_DROIT::person:32::intrusion_ended::ZONE_STOCKAGE::1806,20260112_211653,2026-01-12 21:19:22,intrusion_ended,CAMERA_DEBUT_COULOIR_DROIT,person:32,person,1,ZONE_STOCKAGE,0.7442279472656139,1806,64.27423180930306,749.274231809303,CAMERA_HALL_PORTE_ENTREE,CAMERA_FIN_COULOIR_DROIT
20260112_211653::CAMERA_DEBUT_COULOIR_DROIT::person:42::intrusion_confirmed::ZONE_STOCKAGE::1808,20260112_211653,2026-01-12 21:19:22,intrusion_confirmed,CAMERA_DEBUT_COULOIR_DROIT,person:42,person,1,ZONE_STOCKAGE,0.0,1808,64.34188889541811,749.3418888954182,CAMERA_HALL_PORTE_ENTREE,CAMERA_FIN_COULOIR_DROIT
20260112_211653::CAMERA_DEBUT_COULOIR_DROIT::person:42::intrusion_ended::ZONE_STOCKAGE::1814,20260112_211653,2026-01-12 21:19:22,intrusion_ended,CAMERA_DEBUT_COULOIR_DROIT,person:42,person,1,ZONE_STOCKAGE,0.2029712583451726,1814,64.54486015376328,749.5448601537632,CAMERA_HALL_PORTE_ENTREE,CAMERA_FIN_COULOIR_DROIT
20260112_211653::CAMERA_DEBUT_COULOIR_DROIT::person:65::intrusion_confirmed::ZONE_STOCKAGE::3829,20260112_211653,2026-01-12 21:19:23,intrusion_confirmed,CAMERA_DEBUT_COULOIR_DROIT,person:65,person,1,ZONE_STOCKAGE,0.0,3829,139.27211176784246,824.2721117678425,CAMERA_FIN_COULOIR_GAUCHE_ETAGE1,CAMERA_FIN_COULOIR_DROIT
20260112_211653::CAMERA_DEBUT_COULOIR_DROIT::person:65::intrusion_ended::ZONE_STOCKAGE::3922,20260112_211653,2026-01-12 21:19:23,intrusion_ended,CAMERA_DEBUT_COULOIR_DROIT,person:65,person,1,ZONE_STOCKAGE,3.1460545043501043,3922,142.41816627219256,827.4181662721926,CAMERA_ESCALIER_DEBUT_COULOIR_GAUCHE,CAMERA_HALL_PORTE_ENTREE
20260112_211653::CAMERA_DEBUT_COULOIR_DROIT::person:81::intrusion_confirmed::ZONE_STOCKAGE::5732,20260112_211653,2026-01-12 21:19:23,intrusion_confirmed,CAMERA_DEBUT_COULOIR_DROIT,person:81,person,3,ZONE_STOCKAGE,0.0,5732,223.6404981533171,908.6404981533171,CAMERA_DEVANTURE_PORTE_ENTREE,CAMERA_DEVANTURE_PORTE_ENTREE
20260112_211653::CAMERA_DEBUT_COULOIR_DROIT::person:81::intrusion_ended::ZONE_STOCKAGE::5738,20260112_211653,2026-01-12 21:19:23,intrusion_ended,CAMERA_DEBUT_COULOIR_DROIT,person:81,person,3,ZONE_STOCKAGE,0.2029712583451726,5738,223.84346941166228,908.8434694116622,CAMERA_DEVANTURE_PORTE_ENTREE,CAMERA_DEVANTURE_PORTE_ENTREE
20260112_211653::CAMERA_DEBUT_COULOIR_DROIT::person:81::intrusion_confirmed::ZONE_STOCKAGE::5771,20260112_211653,2026-01-12 21:19:23,intrusion_confirmed,CAMERA_DEBUT_COULOIR_DROIT,person:81,person,3,ZONE_STOCKAGE,0.0,5771,224.95981133256072,909.9598113325608,CAMERA_DEVANTURE_PORTE_ENTREE,CAMERA_DEVANTURE_PORTE_ENTREE
20260112_211653::CAMERA_DEBUT_COULOIR_DROIT::person:81::intrusion_ended::ZONE_STOCKAGE::5773,20260112_211653,2026-01-12 21:19:23,intrusion_ended,CAMERA_DEBUT_COULOIR_DROIT,person:81,person,3,ZONE_STOCKAGE,0.06765708611504806,5773,225.02746841867577,910.0274684186758,CAMERA_DEVANTURE_PORTE_ENTREE,CAMERA_DEVANTURE_PORTE_ENTREE
20260112_211653::CAMERA_DEBUT_COULOIR_DROIT::person:94::intrusion_confirmed::ZONE_STOCKAGE::6524,20260112_211653,2026-01-12 21:19:23,intrusion_confirmed,CAMERA_DEBUT_COULOIR_DROIT,person:94,person,3,ZONE_STOCKAGE,0.0,6524,250.43270425487924,935.4327042548792,CAMERA_DEVANTURE_SOUS_ARBRE,CAMERA_DEVANTURE_PORTE_ENTREE
20260112_211653::CAMERA_DEBUT_COULOIR_DROIT::person:94::intrusion_ended::ZONE_STOCKAGE::6701,20260112_211653,2026-01-12 21:19:23,intrusion_ended,CAMERA_DEBUT_COULOIR_DROIT,person:94,person,3,ZONE_STOCKAGE,7.17165112819589,6701,257.60435538307513,942.6043553830751,CAMERA_FIN_COULOIR_DROIT,CAMERA_DEVANTURE_PORTE_ENTREE
20260112_211653::CAMERA_DEBUT_COULOIR_DROIT::person:96::intrusion_confirmed::ZONE_STOCKAGE::7102,20260112_211653,2026-01-12 21:19:23,intrusion_confirmed,CAMERA_DEBUT_COULOIR_DROIT,person:96,person,3,ZONE_STOCKAGE,0.0,7102,271.37257240748903,956.3725724074891,CAMERA_DEVANTURE_PORTE_ENTREE,CAMERA_DEVANTURE_PORTE_ENTREE
20260112_211653::CAMERA_DEBUT_COULOIR_DROIT::person:96::intrusion_ended::ZONE_STOCKAGE::7236,20260112_211653,2026-01-12 21:19:23,intrusion_ended,CAMERA_DEBUT_COULOIR_DROIT,person:96,person,3,ZONE_STOCKAGE,4.533024769708732,7236,275.90559717719776,960.9055971771977,CAMERA_DEVANTURE_PORTE_ENTREE,CAMERA_HALL_PORTE_GAUCHE
20260112_211653::CAMERA_DEBUT_COULOIR_DROIT::person:96::intrusion_confirmed::ZONE_STOCKAGE::7287,20260112_211653,2026-01-12 21:19:23,intrusion_confirmed,CAMERA_DEBUT_COULOIR_DROIT,person:96,person,3,ZONE_STOCKAGE,0.0,7287,277.6308528731317,962.6308528731317,CAMERA_DEVANTURE_PORTE_ENTREE,CAMERA_HALL_PORTE_GAUCHE
20260112_211653::CAMERA_DEBUT_COULOIR_DROIT::person:96::intrusion_ended::ZONE_STOCKAGE::7324,20260112_211653,2026-01-12 21:19:23,intrusion_ended,CAMERA_DEBUT_COULOIR_DROIT,person:96,person,3,ZONE_STOCKAGE,1.2516560931285312,7324,278.8825089662602,963.8825089662603,CAMERA_DEVANTURE_PORTE_ENTREE,CAMERA_DEVANTURE_PORTE_ENTREE
20260112_211653::CAMERA_DEBUT_COULOIR_DROIT::person:102::intrusion_confirmed::ZONE_STOCKAGE::7273,20260112_211653,2026-01-12 21:19:23,intrusion_confirmed,CAMERA_DEBUT_COULOIR_DROIT,person:102,person,1,ZONE_STOCKAGE,0.0,7273,277.1572532703263,962.1572532703262,CAMERA_FIN_COULOIR_DROIT,CAMERA_DEVANTURE_SOUS_ARBRE
20260112_211653::CAMERA_DEBUT_COULOIR_DROIT::person:102::intrusion_ended::ZONE_STOCKAGE::7323,20260112_211653,2026-01-12 21:19:23,intrusion_ended,CAMERA_DEBUT_COULOIR_DROIT,person:102,person,1,ZONE_STOCKAGE,1.691427152876372,7323,278.84868042320267,963.8486804232027,CAMERA_FIN_COULOIR_DROIT,CAMERA_DEVANTURE_SOUS_ARBRE
20260112_211653::CAMERA_DEBUT_COULOIR_DROIT::person:104::intrusion_confirmed::ZONE_STOCKAGE::7253,20260112_211653,2026-01-12 21:19:23,intrusion_confirmed,CAMERA_DEBUT_COULOIR_DROIT,person:104,person,1,ZONE_STOCKAGE,0.0,7253,276.48068240917576,961.4806824091758,CAMERA_FIN_COULOIR_DROIT,CAMERA_HALL_PORTE_GAUCHE
20260112_211653::CAMERA_DEBUT_COULOIR_DROIT::person:104::intrusion_ended::ZONE_STOCKAGE::7274,20260112_211653,2026-01-12 21:19:23,intrusion_ended,CAMERA_DEBUT_COULOIR_DROIT,person:104,person,1,ZONE_STOCKAGE,0.7103994042080899,7274,277.19108181338385,962.1910818133838,CAMERA_FIN_COULOIR_DROIT,CAMERA_DEVANTURE_SOUS_ARBRE
20260112_211653::CAMERA_DEBUT_COULOIR_DROIT::person:108::intrusion_confirmed::ZONE_STOCKAGE::7276,20260112_211653,2026-01-12 21:19:23,intrusion_confirmed,CAMERA_DEBUT_COULOIR_DROIT,person:108,person,,ZONE_STOCKAGE,0.0,7276,277.2587388994989,962.2587388994989,,
20260112_211653::CAMERA_DEBUT_COULOIR_DROIT::person:108::intrusion_ended::ZONE_STOCKAGE::7280,20260112_211653,2026-01-12 21:19:23,intrusion_ended,CAMERA_DEBUT_COULOIR_DROIT,person:108,person,,ZONE_STOCKAGE,0.13531417223009612,7280,277.394053071729,962.394053071729,,
20260112_211653::CAMERA_DEBUT_COULOIR_DROIT::person:121::intrusion_confirmed::ZONE_STOCKAGE::8655,20260112_211653,2026-01-12 21:19:23,intrusion_confirmed,CAMERA_DEBUT_COULOIR_DROIT,person:121,person,9,ZONE_STOCKAGE,0.0,8655,325.5997269287063,1010.5997269287063,CAMERA_FIN_COULOIR_DROIT,CAMERA_FIN_COULOIR_DROIT
20260112_211653::CAMERA_DEBUT_COULOIR_DROIT::person:121::intrusion_ended::ZONE_STOCKAGE::8657,20260112_211653,2026-01-12 21:19:23,intrusion_ended,CAMERA_DEBUT_COULOIR_DROIT,person:121,person,9,ZONE_STOCKAGE,0.06765708611504806,8657,325.6673840148213,1010.6673840148213,CAMERA_FIN_COULOIR_DROIT,CAMERA_FIN_COULOIR_DROIT
20260112_211653::CAMERA_DEBUT_COULOIR_DROIT::person:121::intrusion_confirmed::ZONE_STOCKAGE::8693,20260112_211653,2026-01-12 21:19:23,intrusion_confirmed,CAMERA_DEBUT_COULOIR_DROIT,person:121,person,9,ZONE_STOCKAGE,0.0,8693,326.88521156489236,1011.8852115648924,CAMERA_FIN_COULOIR_DROIT,CAMERA_FIN_COULOIR_DROIT
20260112_211653::CAMERA_DEBUT_COULOIR_DROIT::person:121::intrusion_ended::ZONE_STOCKAGE::8700,20260112_211653,2026-01-12 21:19:23,intrusion_ended,CAMERA_DEBUT_COULOIR_DROIT,person:121,person,9,ZONE_STOCKAGE,0.23679980140269663,8700,327.12201136629506,1012.122011366295,CAMERA_FIN_COULOIR_DROIT,CAMERA_FIN_COULOIR_DROIT
20260112_211653::CAMERA_DEBUT_COULOIR_DROIT::person:121::intrusion_confirmed::ZONE_STOCKAGE::8716,20260112_211653,2026-01-12 21:19:23,intrusion_confirmed,CAMERA_DEBUT_COULOIR_DROIT,person:121,person,9,ZONE_STOCKAGE,0.0,8716,327.6632680552155,1012.6632680552154,CAMERA_FIN_COULOIR_DROIT,CAMERA_FIN_COULOIR_DROIT
20260112_211653::CAMERA_DEBUT_COULOIR_DROIT::person:121::intrusion_ended::ZONE_STOCKAGE::8818,20260112_211653,2026-01-12 21:19:23,intrusion_ended,CAMERA_DEBUT_COULOIR_DROIT,person:121,person,9,ZONE_STOCKAGE,3.450511391867849,8818,331.11377944708335,1016.1137794470833,CAMERA_FIN_COULOIR_DROIT,CAMERA_FIN_COULOIR_DROIT
20260112_211653::CAMERA_DEBUT_COULOIR_DROIT::person:121::intrusion_confirmed::ZONE_STOCKAGE::9043,20260112_211653,2026-01-12 21:19:23,intrusion_confirmed,CAMERA_DEBUT_COULOIR_DROIT,person:121,person,9,ZONE_STOCKAGE,0.0,9043,338.72520163502713,1023.7252016350271,CAMERA_FIN_COULOIR_DROIT,CAMERA_FIN_COULOIR_DROIT
20260112_211653::CAMERA_DEBUT_COULOIR_DROIT::person:121::intrusion_ended::ZONE_STOCKAGE::9111,20260112_211653,2026-01-12 21:19:23,intrusion_ended,CAMERA_DEBUT_COULOIR_DROIT,person:121,person,9,ZONE_STOCKAGE,2.3003409279118614,9111,341.025542562939,1026.0255425629389,CAMERA_FIN_COULOIR_DROIT,CAMERA_FIN_COULOIR_DROIT
20260112_211653::CAMERA_DEBUT_COULOIR_DROIT::person:127::intrusion_confirmed::ZONE_STOCKAGE::8822,20260112_211653,2026-01-12 21:19:23,intrusion_confirmed,CAMERA_DEBUT_COULOIR_DROIT,person:127,person,1,ZONE_STOCKAGE,0.0,8822,331.24909361931344,1016.2490936193135,CAMERA_FIN_COULOIR_GAUCHE_ETAGE1,CAMERA_HALL_PORTE_GAUCHE
20260112_211653::CAMERA_DEBUT_COULOIR_DROIT::person:127::intrusion_ended::ZONE_STOCKAGE::8867,20260112_211653,2026-01-12 21:19:23,intrusion_ended,CAMERA_DEBUT_COULOIR_DROIT,person:127,person,1,ZONE_STOCKAGE,1.5222844375887803,8867,332.7713780569022,1017.7713780569022,CAMERA_HALL_PORTE_ENTREE,CAMERA_HALL_PORTE_GAUCHE
20260112_211653::CAMERA_DEBUT_COULOIR_DROIT::person:127::intrusion_confirmed::ZONE_STOCKAGE::8916,20260112_211653,2026-01-12 21:19:23,intrusion_confirmed,CAMERA_DEBUT_COULOIR_DROIT,person:127,person,1,ZONE_STOCKAGE,0.0,8916,334.4289766667211,1019.4289766667212,CAMERA_DEVANTURE_SOUS_ARBRE,CAMERA_HALL_PORTE_GAUCHE
20260112_211653::CAMERA_DEBUT_COULOIR_DROIT::person:127::intrusion_ended::ZONE_STOCKAGE::8919,20260112_211653,2026-01-12 21:19:23,intrusion_ended,CAMERA_DEBUT_COULOIR_DROIT,person:127,person,1,ZONE_STOCKAGE,0.10148562917254367,8919,334.53046229589364,1019.5304622958936,CAMERA_DEVANTURE_SOUS_ARBRE,CAMERA_HALL_PORTE_GAUCHE
20260112_211653::CAMERA_DEBUT_COULOIR_DROIT::person:128::intrusion_confirmed::ZONE_STOCKAGE::8815,20260112_211653,2026-01-12 21:19:23,intrusion_confirmed,CAMERA_DEBUT_COULOIR_DROIT,person:128,person,18,ZONE_STOCKAGE,0.0,8815,331.01229381791075,1016.0122938179107,,
20260112_211653::CAMERA_DEBUT_COULOIR_DROIT::person:128::intrusion_ended::ZONE_STOCKAGE::8816,20260112_211653,2026-01-12 21:19:23,intrusion_ended,CAMERA_DEBUT_COULOIR_DROIT,person:128,person,18,ZONE_STOCKAGE,0.03382854305755245,8816,331.0461223609683,1016.0461223609683,,
20260112_211653::CAMERA_DEBUT_COULOIR_DROIT::person:129::intrusion_confirmed::ZONE_STOCKAGE::8867,20260112_211653,2026-01-12 21:19:23,intrusion_confirmed,CAMERA_DEBUT_COULOIR_DROIT,person:129,person,12,ZONE_STOCKAGE,0.0,8867,332.7713780569022,1017.7713780569022,CAMERA_DEVANTURE_PORTE_ENTREE,CAMERA_HALL_PORTE_GAUCHE
20260112_211653::CAMERA_DEBUT_COULOIR_DROIT::person:129::intrusion_ended::ZONE_STOCKAGE::8881,20260112_211653,2026-01-12 21:19:23,intrusion_ended,CAMERA_DEBUT_COULOIR_DROIT,person:129,person,12,ZONE_STOCKAGE,0.47359960280539326,8881,333.2449776597076,1018.2449776597076,CAMERA_DEVANTURE_PORTE_ENTREE,CAMERA_HALL_PORTE_GAUCHE
20260112_211653::CAMERA_DEBUT_COULOIR_DROIT::person:132::intrusion_confirmed::ZONE_STOCKAGE::9020,20260112_211653,2026-01-12 21:19:23,intrusion_confirmed,CAMERA_DEBUT_COULOIR_DROIT,person:132,person,12,ZONE_STOCKAGE,0.0,9020,337.947145144704,1022.947145144704,CAMERA_DEVANTURE_PORTE_ENTREE,CAMERA_HALL_PORTE_GAUCHE
20260112_211653::CAMERA_DEBUT_COULOIR_DROIT::person:132::intrusion_ended::ZONE_STOCKAGE::9040,20260112_211653,2026-01-12 21:19:23,intrusion_ended,CAMERA_DEBUT_COULOIR_DROIT,person:132,person,12,ZONE_STOCKAGE,0.6765708611505374,9040,338.62371600585453,1023.6237160058545,CAMERA_DEVANTURE_PORTE_ENTREE,CAMERA_HALL_PORTE_GAUCHE
20260112_211653::CAMERA_DEBUT_COULOIR_DROIT::person:138::intrusion_confirmed::ZONE_STOCKAGE::10137,20260112_211653,2026-01-12 21:19:23,intrusion_confirmed,CAMERA_DEBUT_COULOIR_DROIT,person:138,person,12,ZONE_STOCKAGE,0.0,10137,375.7336277399627,1060.7336277399627,CAMERA_HALL_PORTE_GAUCHE,CAMERA_ESCALIER_DEBUT_COULOIR_GAUCHE
20260112_211653::CAMERA_DEBUT_COULOIR_DROIT::person:138::intrusion_ended::ZONE_STOCKAGE::10170,20260112_211653,2026-01-12 21:19:23,intrusion_ended,CAMERA_DEBUT_COULOIR_DROIT,person:138,person,12,ZONE_STOCKAGE,1.116341920898435,10170,376.8499696608611,1061.849969660861,CAMERA_HALL_PORTE_GAUCHE,CAMERA_ESCALIER_DEBUT_COULOIR_GAUCHE
20260112_211653::CAMERA_DEBUT_COULOIR_DROIT::person:145::intrusion_confirmed::ZONE_STOCKAGE::9786,20260112_211653,2026-01-12 21:19:23,intrusion_confirmed,CAMERA_DEBUT_COULOIR_DROIT,person:145,person,1,ZONE_STOCKAGE,0.0,9786,363.85980912677036,1048.8598091267704,CAMERA_HALL_PORTE_GAUCHE,CAMERA_HALL_PORTE_ENTREE
20260112_211653::CAMERA_DEBUT_COULOIR_DROIT::person:145::intrusion_ended::ZONE_STOCKAGE::9815,20260112_211653,2026-01-12 21:19:23,intrusion_ended,CAMERA_DEBUT_COULOIR_DROIT,person:145,person,1,ZONE_STOCKAGE,0.981027748668339,9815,364.8408368754387,1049.8408368754388,CAMERA_HALL_PORTE_GAUCHE,CAMERA_HALL_PORTE_ENTREE
20260112_211653::CAMERA_DEBUT_COULOIR_DROIT::person:158::intrusion_confirmed::ZONE_STOCKAGE::10317,20260112_211653,2026-01-12 21:19:24,intrusion_confirmed,CAMERA_DEBUT_COULOIR_DROIT,person:158,person,1,ZONE_STOCKAGE,0.0,10317,381.8227654903177,1066.8227654903176,CAMERA_FIN_COULOIR_DROIT,CAMERA_HALL_PORTE_GAUCHE
20260112_211653::CAMERA_DEBUT_COULOIR_DROIT::person:158::intrusion_ended::ZONE_STOCKAGE::10322,20260112_211653,2026-01-12 21:19:24,intrusion_ended,CAMERA_DEBUT_COULOIR_DROIT,person:158,person,1,ZONE_STOCKAGE,0.16914271528764857,10322,381.99190820560534,1066.9919082056053,CAMERA_HALL_PORTE_GAUCHE,CAMERA_HALL_PORTE_GAUCHE
20260112_211653::CAMERA_DEBUT_COULOIR_DROIT::person:158::intrusion_confirmed::ZONE_STOCKAGE::10382,20260112_211653,2026-01-12 21:19:24,intrusion_confirmed,CAMERA_DEBUT_COULOIR_DROIT,person:158,person,1,ZONE_STOCKAGE,0.0,10382,384.021620789057,1069.0216207890571,CAMERA_DEVANTURE_SOUS_ARBRE,CAMERA_HALL_PORTE_GAUCHE
20260112_211653::CAMERA_DEBUT_COULOIR_DROIT::person:158::intrusion_ended::ZONE_STOCKAGE::10403,20260112_211653,2026-01-12 21:19:24,intrusion_ended,CAMERA_DEBUT_COULOIR_DROIT,person:158,person,1,ZONE_STOCKAGE,0.7103994042080899,10403,384.7320201932651,1069.732020193265,CAMERA_DEVANTURE_SOUS_ARBRE,CAMERA_HALL_PORTE_ENTREE
20260112_211653::CAMERA_DEBUT_COULOIR_DROIT::person:178::intrusion_confirmed::ZONE_STOCKAGE::11801,20260112_211653,2026-01-12 21:19:24,intrusion_confirmed,CAMERA_DEBUT_COULOIR_DROIT,person:178,person,12,ZONE_STOCKAGE,0.0,11801,432.39643736132194,1117.396437361322,CAMERA_ESCALIER_DEBUT_COULOIR_GAUCHE,CAMERA_ESCALIER_DEBUT_COULOIR_GAUCHE
20260112_211653::CAMERA_DEBUT_COULOIR_DROIT::person:178::intrusion_ended::ZONE_STOCKAGE::11813,20260112_211653,2026-01-12 21:19:24,intrusion_ended,CAMERA_DEBUT_COULOIR_DROIT,person:178,person,12,ZONE_STOCKAGE,0.4059425166903452,11813,432.8023798780123,1117.8023798780123,CAMERA_ESCALIER_DEBUT_COULOIR_GAUCHE,CAMERA_ESCALIER_DEBUT_COULOIR_GAUCHE
20260112_211653::CAMERA_DEBUT_COULOIR_DROIT::person:180::intrusion_confirmed::ZONE_STOCKAGE::11582,20260112_211653,2026-01-12 21:19:24,intrusion_confirmed,CAMERA_DEBUT_COULOIR_DROIT,person:180,person,1,ZONE_STOCKAGE,0.0,11582,424.98798643172336,1109.9879864317234,CAMERA_HALL_PORTE_GAUCHE,CAMERA_FIN_COULOIR_DROIT
20260112_211653::CAMERA_DEBUT_COULOIR_DROIT::person:180::intrusion_ended::ZONE_STOCKAGE::11711,20260112_211653,2026-01-12 21:19:24,intrusion_ended,CAMERA_DEBUT_COULOIR_DROIT,person:180,person,1,ZONE_STOCKAGE,4.363882054421083,11711,429.35186848614444,1114.3518684861444,CAMERA_FIN_COULOIR_DROIT,CAMERA_FIN_COULOIR_DROIT
20260112_211653::CAMERA_DEBUT_COULOIR_DROIT::person:180::intrusion_confirmed::ZONE_STOCKAGE::12359,20260112_211653,2026-01-12 21:19:24,intrusion_confirmed,CAMERA_DEBUT_COULOIR_DROIT,person:180,person,1,ZONE_STOCKAGE,0.0,12359,451.2727643874225,1136.2727643874225,CAMERA_HALL_PORTE_GAUCHE,CAMERA_HALL_PORTE_ENTREE
20260112_211653::CAMERA_DEBUT_COULOIR_DROIT::person:180::intrusion_ended::ZONE_STOCKAGE::12534,20260112_211653,2026-01-12 21:19:24,intrusion_ended,CAMERA_DEBUT_COULOIR_DROIT,person:180,person,1,ZONE_STOCKAGE,5.919995035067416,12534,457.1927594224899,1142.1927594224899,CAMERA_FIN_COULOIR_DROIT,CAMERA_FIN_COULOIR_DROIT
20260112_211653::CAMERA_DEBUT_COULOIR_DROIT::person:209::intrusion_confirmed::ZONE_STOCKAGE::13170,20260112_211653,2026-01-12 21:19:24,intrusion_confirmed,CAMERA_DEBUT_COULOIR_DROIT,person:209,person,1,ZONE_STOCKAGE,0.0,13170,483.00393777538375,1168.0039377753837,CAMERA_FIN_COULOIR_DROIT,CAMERA_HALL_PORTE_GAUCHE
20260112_211653::CAMERA_DEBUT_COULOIR_DROIT::person:209::intrusion_ended::ZONE_STOCKAGE::13189,20260112_211653,2026-01-12 21:19:24,intrusion_ended,CAMERA_DEBUT_COULOIR_DROIT,person:209,person,1,ZONE_STOCKAGE,0.642742318092985,13189,483.64668009347673,1168.6466800934768,CAMERA_FIN_COULOIR_DROIT,CAMERA_FIN_COULOIR_DROIT
20260112_211653::CAMERA_DEBUT_COULOIR_DROIT::person:210::intrusion_confirmed::ZONE_STOCKAGE::13183,20260112_211653,2026-01-12 21:19:24,intrusion_confirmed,CAMERA_DEBUT_COULOIR_DROIT,person:210,person,11,ZONE_STOCKAGE,0.0,13183,483.4437088351316,1168.4437088351315,CAMERA_HALL_PORTE_ENTREE,CAMERA_HALL_PORTE_ENTREE
20260112_211653::CAMERA_DEBUT_COULOIR_DROIT::person:210::intrusion_ended::ZONE_STOCKAGE::13247,20260112_211653,2026-01-12 21:19:24,intrusion_ended,CAMERA_DEBUT_COULOIR_DROIT,person:210,person,11,ZONE_STOCKAGE,42.82693551083037,13247,526.270644345962,1211.270644345962,CAMERA_HALL_PORTE_ENTREE,
20260112_211653::CAMERA_DEBUT_COULOIR_DROIT::person:230::intrusion_confirmed::ZONE_STOCKAGE::14913,20260112_211653,2026-01-12 21:19:24,intrusion_confirmed,CAMERA_DEBUT_COULOIR_DROIT,person:230,person,9,ZONE_STOCKAGE,0.0,14913,591.5597324469909,1276.559732446991,CAMERA_DEVANTURE_SOUS_ARBRE,CAMERA_DEVANTURE_PORTE_ENTREE
20260112_211653::CAMERA_DEBUT_COULOIR_DROIT::person:230::intrusion_ended::ZONE_STOCKAGE::14939,20260112_211653,2026-01-12 21:19:24,intrusion_ended,CAMERA_DEBUT_COULOIR_DROIT,person:230,person,9,ZONE_STOCKAGE,0.8795421194956816,14939,592.4392745664866,1277.4392745664866,CAMERA_DEVANTURE_SOUS_ARBRE,CAMERA_DEVANTURE_PORTE_ENTREE
20260112_211653::CAMERA_DEBUT_COULOIR_DROIT::person:235::intrusion_confirmed::ZONE_STOCKAGE::15458,20260112_211653,2026-01-12 21:19:24,intrusion_confirmed,CAMERA_DEBUT_COULOIR_DROIT,person:235,person,1,ZONE_STOCKAGE,0.0,15458,609.9962884133436,1294.9962884133436,CAMERA_DEVANTURE_PORTE_ENTREE,CAMERA_DEVANTURE_SOUS_ARBRE
20260112_211653::CAMERA_DEBUT_COULOIR_DROIT::person:235::intrusion_ended::ZONE_STOCKAGE::15470,20260112_211653,2026-01-12 21:19:24,intrusion_ended,CAMERA_DEBUT_COULOIR_DROIT,person:235,person,1,ZONE_STOCKAGE,0.40594251669028836,15470,610.4022309300339,1295.402230930034,CAMERA_DEVANTURE_PORTE_ENTREE,CAMERA_DEVANTURE_SOUS_ARBRE
20260112_211653::CAMERA_DEBUT_COULOIR_DROIT::person:246::intrusion_confirmed::ZONE_STOCKAGE::15442,20260112_211653,2026-01-12 21:19:24,intrusion_confirmed,CAMERA_DEBUT_COULOIR_DROIT,person:246,person,9,ZONE_STOCKAGE,0.0,15442,609.4550317244231,1294.455031724423,CAMERA_DEVANTURE_PORTE_ENTREE,CAMERA_DEVANTURE_SOUS_ARBRE
20260112_211653::CAMERA_DEBUT_COULOIR_DROIT::person:246::intrusion_ended::ZONE_STOCKAGE::15445,20260112_211653,2026-01-12 21:19:24,intrusion_ended,CAMERA_DEBUT_COULOIR_DROIT,person:246,person,9,ZONE_STOCKAGE,0.10148562917265735,15445,609.5565173535957,1294.5565173535956,CAMERA_DEVANTURE_PORTE_ENTREE,CAMERA_DEVANTURE_SOUS_ARBRE
20260112_211653::CAMERA_DEBUT_COULOIR_DROIT::person:262::intrusion_confirmed::ZONE_STOCKAGE::16219,20260112_211653,2026-01-12 21:19:24,intrusion_confirmed,CAMERA_DEBUT_COULOIR_DROIT,person:262,person,13,ZONE_STOCKAGE,0.0,16219,639.4947779595079,1324.494777959508,CAMERA_ESCALIER_DEBUT_COULOIR_GAUCHE,CAMERA_ESCALIER_DEBUT_COULOIR_GAUCHE
20260112_211653::CAMERA_DEBUT_COULOIR_DROIT::person:262::intrusion_ended::ZONE_STOCKAGE::16258,20260112_211653,2026-01-12 21:19:24,intrusion_ended,CAMERA_DEBUT_COULOIR_DROIT,person:262,person,13,ZONE_STOCKAGE,1.3193131792435224,16258,640.8140911387515,1325.8140911387513,CAMERA_ESCALIER_DEBUT_COULOIR_GAUCHE,CAMERA_DEVANTURE_SOUS_ARBRE
20260112_211653::CAMERA_DEBUT_COULOIR_DROIT::person:268::intrusion_confirmed::ZONE_STOCKAGE::17005,20260112_211653,2026-01-12 21:19:25,intrusion_confirmed,CAMERA_DEBUT_COULOIR_DROIT,person:268,person,9,ZONE_STOCKAGE,0.0,17005,685.2309681732856,1370.2309681732856,CAMERA_DEVANTURE_SOUS_ARBRE,CAMERA_DEVANTURE_SOUS_ARBRE
20260112_211653::CAMERA_DEBUT_COULOIR_DROIT::person:268::intrusion_ended::ZONE_STOCKAGE::17121,20260112_211653,2026-01-12 21:19:25,intrusion_ended,CAMERA_DEBUT_COULOIR_DROIT,person:268,person,9,ZONE_STOCKAGE,3.924110994673242,17121,689.1550791679589,1374.1550791679588,CAMERA_DEVANTURE_SOUS_ARBRE,CAMERA_DEVANTURE_SOUS_ARBRE
20260112_211653::CAMERA_FIN_COULOIR_DROIT::person:7::intrusion_confirmed::ZONE_SALLE_SERVEUR::192,20260112_211653,2026-01-12 21:19:36,intrusion_confirmed,CAMERA_FIN_COULOIR_DROIT,person:7,person,1,ZONE_SALLE_SERVEUR,0.0,192,11.47684965250286,738.4768496525029,CAMERA_DEBUT_COULOIR_DROIT,CAMERA_DEBUT_COULOIR_DROIT
20260112_211653::CAMERA_FIN_COULOIR_DROIT::person:7::intrusion_ended::ZONE_SALLE_SERVEUR::193,20260112_211653,2026-01-12 21:19:36,intrusion_ended,CAMERA_FIN_COULOIR_DROIT,person:7,person,1,ZONE_SALLE_SERVEUR,0.03375544015441889,193,11.51060509265728,738.5106050926573,CAMERA_DEBUT_COULOIR_DROIT,CAMERA_DEBUT_COULOIR_DROIT
20260112_211653::CAMERA_FIN_COULOIR_DROIT::person:7::intrusion_confirmed::ZONE_SALLE_SERVEUR::782,20260112_211653,2026-01-12 21:19:36,intrusion_confirmed,CAMERA_FIN_COULOIR_DROIT,person:7,person,1,ZONE_SALLE_SERVEUR,0.0,782,32.13517902700801,759.135179027008,CAMERA_HALL_PORTE_ENTREE,CAMERA_HALL_PORTE_GAUCHE
20260112_211653::CAMERA_FIN_COULOIR_DROIT::person:7::intrusion_ended::ZONE_SALLE_SERVEUR::808,20260112_211653,2026-01-12 21:19:36,intrusion_ended,CAMERA_FIN_COULOIR_DROIT,person:7,person,1,ZONE_SALLE_SERVEUR,0.8776414440149267,808,33.012820471022934,760.0128204710229,CAMERA_HALL_PORTE_GAUCHE,CAMERA_HALL_PORTE_GAUCHE
20260112_211653::CAMERA_FIN_COULOIR_DROIT::person:8::intrusion_confirmed::ZONE_SALLE_SERVEUR::121,20260112_211653,2026-01-12 21:19:36,intrusion_confirmed,CAMERA_FIN_COULOIR_DROIT,person:8,person,1,ZONE_SALLE_SERVEUR,0.0,121,9.080213401539027,736.080213401539,CAMERA_HALL_PORTE_GAUCHE,CAMERA_HALL_PORTE_ENTREE
20260112_211653::CAMERA_FIN_COULOIR_DROIT::person:8::intrusion_ended::ZONE_SALLE_SERVEUR::125,20260112_211653,2026-01-12 21:19:36,intrusion_ended,CAMERA_FIN_COULOIR_DROIT,person:8,person,1,ZONE_SALLE_SERVEUR,0.1350217606176809,125,9.215235162156707,736.2152351621567,CAMERA_FIN_COULOIR_GAUCHE_REZ_PARTIE_1,CAMERA_HALL_PORTE_ENTREE
20260112_211653::CAMERA_FIN_COULOIR_DROIT::person:8::intrusion_confirmed::ZONE_SALLE_SERVEUR::332,20260112_211653,2026-01-12 21:19:36,intrusion_confirmed,CAMERA_FIN_COULOIR_DROIT,person:8,person,1,ZONE_SALLE_SERVEUR,0.0,332,16.202611274121683,743.2026112741216,CAMERA_HALL_PORTE_GAUCHE,CAMERA_DEBUT_COULOIR_DROIT
20260112_211653::CAMERA_FIN_COULOIR_DROIT::person:8::intrusion_ended::ZONE_SALLE_SERVEUR::352,20260112_211653,2026-01-12 21:19:36,intrusion_ended,CAMERA_FIN_COULOIR_DROIT,person:8,person,1,ZONE_SALLE_SERVEUR,0.6751088030884063,352,16.87772007721009,743.8777200772101,CAMERA_HALL_PORTE_ENTREE,CAMERA_DEBUT_COULOIR_DROIT
20260112_211653::CAMERA_FIN_COULOIR_DROIT::person:11::intrusion_confirmed::ZONE_SALLE_SERVEUR::119,20260112_211653,2026-01-12 21:19:36,intrusion_confirmed,CAMERA_FIN_COULOIR_DROIT,person:11,person,1,ZONE_SALLE_SERVEUR,0.0,119,9.012702521230187,736.0127025212302,CAMERA_HALL_PORTE_GAUCHE,CAMERA_HALL_PORTE_ENTREE
20260112_211653::CAMERA_FIN_COULOIR_DROIT::person:11::intrusion_ended::ZONE_SALLE_SERVEUR::170,20260112_211653,2026-01-12 21:19:36,intrusion_ended,CAMERA_FIN_COULOIR_DROIT,person:11,person,1,ZONE_SALLE_SERVEUR,1.7215274478754292,170,10.734229969105616,737.7342299691056,CAMERA_DEBUT_COULOIR_DROIT,CAMERA_HALL_PORTE_ENTREE
20260112_211653::CAMERA_FIN_COULOIR_DROIT::person:35::intrusion_confirmed::ZONE_SALLE_SERVEUR::599,20260112_211653,2026-01-12 21:19:36,intrusion_confirmed,CAMERA_FIN_COULOIR_DROIT,person:35,person,1,ZONE_SALLE_SERVEUR,0.0,599,25.957933478749116,752.9579334787492,CAMERA_DEBUT_COULOIR_DROIT,CAMERA_HALL_PORTE_GAUCHE
20260112_211653::CAMERA_FIN_COULOIR_DROIT::person:35::intrusion_ended::ZONE_SALLE_SERVEUR::658,20260112_211653,2026-01-12 21:19:36,intrusion_ended,CAMERA_FIN_COULOIR_DROIT,person:35,person,1,ZONE_SALLE_SERVEUR,1.9915709691107892,658,27.949504447859905,754.9495044478599,CAMERA_DEBUT_COULOIR_DROIT,CAMERA_HALL_PORTE_ENTREE
20260112_211653::CAMERA_FIN_COULOIR_DROIT::person:36::intrusion_confirmed::ZONE_SALLE_SERVEUR::1272,20260112_211653,2026-01-12 21:19:36,intrusion_confirmed,CAMERA_FIN_COULOIR_DROIT,person:36,person,1,ZONE_SALLE_SERVEUR,0.0,1272,48.6753447026739,775.6753447026739,CAMERA_HALL_PORTE_GAUCHE,CAMERA_HALL_PORTE_GAUCHE
20260112_211653::CAMERA_FIN_COULOIR_DROIT::person:36::intrusion_ended::ZONE_SALLE_SERVEUR::1283,20260112_211653,2026-01-12 21:19:36,intrusion_ended,CAMERA_FIN_COULOIR_DROIT,person:36,person,1,ZONE_SALLE_SERVEUR,0.37130984169861847,1283,49.046654544372515,776.0466545443725,CAMERA_HALL_PORTE_GAUCHE,CAMERA_HALL_PORTE_GAUCHE
20260112_211653::CAMERA_FIN_COULOIR_DROIT::person:54::intrusion_confirmed::ZONE_SALLE_SERVEUR::1390,20260112_211653,2026-01-12 21:19:36,intrusion_confirmed,CAMERA_FIN_COULOIR_DROIT,person:54,person,1,ZONE_SALLE_SERVEUR,0.0,1390,53.029796482594094,780.0297964825941,CAMERA_HALL_PORTE_GAUCHE,CAMERA_HALL_PORTE_ENTREE
20260112_211653::CAMERA_FIN_COULOIR_DROIT::person:54::intrusion_ended::ZONE_SALLE_SERVEUR::1403,20260112_211653,2026-01-12 21:19:36,intrusion_ended,CAMERA_FIN_COULOIR_DROIT,person:54,person,1,ZONE_SALLE_SERVEUR,0.43882072200746336,1403,53.46861720460156,780.4686172046015,CAMERA_HALL_PORTE_GAUCHE,CAMERA_HALL_PORTE_ENTREE
20260112_211653::CAMERA_FIN_COULOIR_DROIT::person:60::intrusion_confirmed::ZONE_SALLE_SERVEUR::1080,20260112_211653,2026-01-12 21:19:36,intrusion_confirmed,CAMERA_FIN_COULOIR_DROIT,person:60,person,2,ZONE_SALLE_SERVEUR,0.0,1080,42.19430019302522,769.1943001930252,CAMERA_HALL_PORTE_ENTREE,CAMERA_HALL_PORTE_ENTREE
20260112_211653::CAMERA_FIN_COULOIR_DROIT::person:60::intrusion_ended::ZONE_SALLE_SERVEUR::1082,20260112_211653,2026-01-12 21:19:36,intrusion_ended,CAMERA_FIN_COULOIR_DROIT,person:60,person,2,ZONE_SALLE_SERVEUR,0.06751088030883778,1082,42.26181107333406,769.261811073334,CAMERA_HALL_PORTE_ENTREE,CAMERA_HALL_PORTE_ENTREE
20260112_211653::CAMERA_FIN_COULOIR_DROIT::person:73::intrusion_confirmed::ZONE_SALLE_SERVEUR::1439,20260112_211653,2026-01-12 21:19:36,intrusion_confirmed,CAMERA_FIN_COULOIR_DROIT,person:73,person,1,ZONE_SALLE_SERVEUR,0.0,1439,54.68381305016069,781.6838130501607,CAMERA_HALL_PORTE_GAUCHE,CAMERA_HALL_PORTE_GAUCHE
20260112_211653::CAMERA_FIN_COULOIR_DROIT::person:73::intrusion_ended::ZONE_SALLE_SERVEUR::1447,20260112_211653,2026-01-12 21:19:36,intrusion_ended,CAMERA_FIN_COULOIR_DROIT,person:73,person,1,ZONE_SALLE_SERVEUR,0.27004352123535824,1447,54.953856571396045,781.953856571396,CAMERA_HALL_PORTE_GAUCHE,CAMERA_HALL_PORTE_GAUCHE
20260112_211653::CAMERA_FIN_COULOIR_DROIT::person:79::intrusion_confirmed::ZONE_SALLE_SERVEUR::2105,20260112_211653,2026-01-12 21:19:37,intrusion_confirmed,CAMERA_FIN_COULOIR_DROIT,person:79,person,1,ZONE_SALLE_SERVEUR,0.0,2105,77.16493619300452,804.1649361930046,CAMERA_ESCALIER_DEBUT_COULOIR_GAUCHE,CAMERA_DEVANTURE_PORTE_ENTREE
20260112_211653::CAMERA_FIN_COULOIR_DROIT::person:79::intrusion_ended::ZONE_SALLE_SERVEUR::2107,20260112_211653,2026-01-12 21:19:37,intrusion_ended,CAMERA_FIN_COULOIR_DROIT,person:79,person,1,ZONE_SALLE_SERVEUR,0.06751088030884489,2107,77.23244707331337,804.2324470733133,CAMERA_ESCALIER_DEBUT_COULOIR_GAUCHE,CAMERA_DEVANTURE_PORTE_ENTREE
20260112_211653::CAMERA_FIN_COULOIR_DROIT::person:90::intrusion_confirmed::ZONE_SALLE_SERVEUR::1782,20260112_211653,2026-01-12 21:19:37,intrusion_confirmed,CAMERA_FIN_COULOIR_DROIT,person:90,person,9,ZONE_SALLE_SERVEUR,0.0,1782,66.26192902312681,793.2619290231269,CAMERA_DEVANTURE_PORTE_ENTREE,CAMERA_DEVANTURE_SOUS_ARBRE
20260112_211653::CAMERA_FIN_COULOIR_DROIT::person:90::intrusion_ended::ZONE_SALLE_SERVEUR::1792,20260112_211653,2026-01-12 21:19:37,intrusion_ended,CAMERA_FIN_COULOIR_DROIT,person:90,person,9,ZONE_SALLE_SERVEUR,0.337554401544196,1792,66.599483424671,793.599483424671,CAMERA_DEVANTURE_PORTE_ENTREE,CAMERA_DEVANTURE_SOUS_ARBRE
20260112_211653::CAMERA_FIN_COULOIR_DROIT::person:104::intrusion_confirmed::ZONE_SALLE_SERVEUR::2158,20260112_211653,2026-01-12 21:19:37,intrusion_confirmed,CAMERA_FIN_COULOIR_DROIT,person:104,person,1,ZONE_SALLE_SERVEUR,0.0,2158,78.9539745211888,805.9539745211888,CAMERA_ESCALIER_DEBUT_COULOIR_GAUCHE,CAMERA_DEVANTURE_PORTE_ENTREE
20260112_211653::CAMERA_FIN_COULOIR_DROIT::person:104::intrusion_ended::ZONE_SALLE_SERVEUR::2166,20260112_211653,2026-01-12 21:19:37,intrusion_ended,CAMERA_FIN_COULOIR_DROIT,person:104,person,1,ZONE_SALLE_SERVEUR,0.27004352123535114,2166,79.22401804242415,806.2240180424242,CAMERA_ESCALIER_DEBUT_COULOIR_GAUCHE,CAMERA_DEVANTURE_PORTE_ENTREE
20260112_211653::CAMERA_FIN_COULOIR_GAUCHE_REZ_PARTIE_1::person:1::intrusion_confirmed::ZONE_1::63,20260112_211653,2026-01-12 21:19:41,intrusion_confirmed,CAMERA_FIN_COULOIR_GAUCHE_REZ_PARTIE_1,person:1,person,1,ZONE_1,0.0,63,2.1015173056753294,453.1015173056753,CAMERA_HALL_PORTE_DROITE,CAMERA_HALL_PORTE_DROITE
20260112_211653::CAMERA_FIN_COULOIR_GAUCHE_REZ_PARTIE_1::person:1::intrusion_ended::ZONE_1::79,20260112_211653,2026-01-12 21:19:41,intrusion_ended,CAMERA_FIN_COULOIR_GAUCHE_REZ_PARTIE_1,person:1,person,1,ZONE_1,0.5337186808064329,79,2.6352359864817623,453.63523598648175,CAMERA_HALL_PORTE_DROITE,CAMERA_HALL_PORTE_DROITE
20260112_211653::CAMERA_FIN_COULOIR_GAUCHE_REZ_PARTIE_1::person:5::intrusion_confirmed::ZONE_1::53,20260112_211653,2026-01-12 21:19:41,intrusion_confirmed,CAMERA_FIN_COULOIR_GAUCHE_REZ_PARTIE_1,person:5,person,1,ZONE_1,0.0,53,1.7679431301713089,452.7679431301713,CAMERA_HALL_PORTE_DROITE,CAMERA_HALL_PORTE_DROITE
20260112_211653::CAMERA_FIN_COULOIR_GAUCHE_REZ_PARTIE_1::person:5::intrusion_ended::ZONE_1::72,20260112_211653,2026-01-12 21:19:41,intrusion_ended,CAMERA_FIN_COULOIR_GAUCHE_REZ_PARTIE_1,person:5,person,1,ZONE_1,0.6337909334576388,72,2.4017340636289477,453.40173406362896,CAMERA_HALL_PORTE_DROITE,CAMERA_HALL_PORTE_DROITE
20260112_211653::CAMERA_FIN_COULOIR_GAUCHE_REZ_PARTIE_1::person:5::intrusion_confirmed::ZONE_1::694,20260112_211653,2026-01-12 21:19:41,intrusion_confirmed,CAMERA_FIN_COULOIR_GAUCHE_REZ_PARTIE_1,person:5,person,1,ZONE_1,0.0,694,23.150047779979026,474.15004777997905,CAMERA_HALL_PORTE_DROITE,CAMERA_HALL_PORTE_DROITE
20260112_211653::CAMERA_FIN_COULOIR_GAUCHE_REZ_PARTIE_1::person:5::intrusion_ended::ZONE_1::698,20260112_211653,2026-01-12 21:19:41,intrusion_ended,CAMERA_FIN_COULOIR_GAUCHE_REZ_PARTIE_1,person:5,person,1,ZONE_1,0.13342967020160756,698,23.283477450180634,474.2834774501806,CAMERA_HALL_PORTE_DROITE,CAMERA_HALL_PORTE_DROITE
20260112_211653::CAMERA_FIN_COULOIR_GAUCHE_REZ_PARTIE_1::person:19::intrusion_confirmed::ZONE_1::1178,20260112_211653,2026-01-12 21:19:41,intrusion_confirmed,CAMERA_FIN_COULOIR_GAUCHE_REZ_PARTIE_1,person:19,person,1,ZONE_1,0.0,1178,54.10573126675213,505.1057312667521,CAMERA_FIN_COULOIR_GAUCHE_REZ_PARTIE_2,CAMERA_FIN_COULOIR_GAUCHE_REZ_PARTIE_2
20260112_211653::CAMERA_FIN_COULOIR_GAUCHE_REZ_PARTIE_1::person:19::intrusion_ended::ZONE_1::1271,20260112_211653,2026-01-12 21:19:41,intrusion_ended,CAMERA_FIN_COULOIR_GAUCHE_REZ_PARTIE_1,person:19,person,1,ZONE_1,19.947735695140423,1271,74.05346696189255,525.0534669618926,CAMERA_FIN_COULOIR_GAUCHE_REZ_PARTIE_2,CAMERA_HALL_PORTE_DROITE
20260112_211653::CAMERA_FIN_COULOIR_GAUCHE_REZ_PARTIE_1::person:26::intrusion_confirmed::ZONE_1::3552,20260112_211653,2026-01-12 21:19:41,intrusion_confirmed,CAMERA_FIN_COULOIR_GAUCHE_REZ_PARTIE_1,person:26,person,1,ZONE_1,0.0,3552,275.8324857242746,726.8324857242746,CAMERA_DEBUT_COULOIR_DROIT,CAMERA_HALL_PORTE_GAUCHE
20260112_211653::CAMERA_FIN_COULOIR_GAUCHE_REZ_PARTIE_1::person:26::intrusion_ended::ZONE_1::3645,20260112_211653,2026-01-12 21:19:41,intrusion_ended,CAMERA_FIN_COULOIR_GAUCHE_REZ_PARTIE_1,person:26,person,1,ZONE_1,8.506141475352479,3645,284.33862719962707,735.3386271996271,CAMERA_FIN_COULOIR_DROIT,CAMERA_FIN_COULOIR_DROIT
20260112_211653::CAMERA_FIN_COULOIR_GAUCHE_REZ_PARTIE_1::person:36::intrusion_confirmed::ZONE_1::3653,20260112_211653,2026-01-12 21:19:41,intrusion_confirmed,CAMERA_FIN_COULOIR_GAUCHE_REZ_PARTIE_1,person:36,person,,ZONE_1,0.0,3653,284.80563104533275,735.8056310453328,,
20260112_211653::CAMERA_FIN_COULOIR_GAUCHE_REZ_PARTIE_1::person:36::intrusion_ended::ZONE_1::3663,20260112_211653,2026-01-12 21:19:41,intrusion_ended,CAMERA_FIN_COULOIR_GAUCHE_REZ_PARTIE_1,person:36,person,,ZONE_1,0.3335741755039976,3663,285.13920522083674,736.1392052208367,,
20260112_211653::CAMERA_FIN_COULOIR_GAUCHE_REZ_PARTIE_2::person:2::intrusion_confirmed::ZONE_2::567,20260112_211653,2026-01-12 21:19:42,intrusion_confirmed,CAMERA_FIN_COULOIR_GAUCHE_REZ_PARTIE_2,person:2,person,1,ZONE_2,0.0,567,47.734508156923674,441.5837748235904,CAMERA_HALL_PORTE_DROITE,CAMERA_HALL_PORTE_DROITE
20260112_211653::CAMERA_FIN_COULOIR_GAUCHE_REZ_PARTIE_2::person:2::intrusion_ended::ZONE_2::782,20260112_211653,2026-01-12 21:19:42,intrusion_ended,CAMERA_FIN_COULOIR_GAUCHE_REZ_PARTIE_2,person:2,person,1,ZONE_2,22.749779568848318,782,70.48428772577199,464.3335543924387,CAMERA_FIN_COULOIR_GAUCHE_REZ_PARTIE_1,CAMERA_HALL_PORTE_DROITE
20260112_211653::CAMERA_FIN_COULOIR_GAUCHE_REZ_PARTIE_2::person:9::intrusion_confirmed::ZONE_2::1040,20260112_211653,2026-01-12 21:19:42,intrusion_confirmed,CAMERA_FIN_COULOIR_GAUCHE_REZ_PARTIE_2,person:9,person,1,ZONE_2,0.0,1040,79.82437317925812,473.67363984592487,CAMERA_HALL_PORTE_DROITE,CAMERA_HALL_PORTE_DROITE
20260112_211653::CAMERA_FIN_COULOIR_GAUCHE_REZ_PARTIE_2::person:9::intrusion_ended::ZONE_2::1093,20260112_211653,2026-01-12 21:19:42,intrusion_ended,CAMERA_FIN_COULOIR_GAUCHE_REZ_PARTIE_2,person:9,person,1,ZONE_2,8.639579044474644,1093,88.46395222373276,482.31321889039947,CAMERA_HALL_PORTE_DROITE,CAMERA_HALL_PORTE_DROITE
20260112_211653::CAMERA_FIN_COULOIR_GAUCHE_REZ_PARTIE_2::person:16::intrusion_confirmed::ZONE_2::1090,20260112_211653,2026-01-12 21:19:42,intrusion_confirmed,CAMERA_FIN_COULOIR_GAUCHE_REZ_PARTIE_2,person:16,person,1,ZONE_2,0.0,1090,88.36387987958827,482.21314654625496,CAMERA_HALL_PORTE_DROITE,CAMERA_HALL_PORTE_DROITE
20260112_211653::CAMERA_FIN_COULOIR_GAUCHE_REZ_PARTIE_2::person:16::intrusion_ended::ZONE_2::1092,20260112_211653,2026-01-12 21:19:42,intrusion_ended,CAMERA_FIN_COULOIR_GAUCHE_REZ_PARTIE_2,person:16,person,1,ZONE_2,0.06671489609632886,1092,88.4305947756846,482.2798614423513,CAMERA_HALL_PORTE_DROITE,CAMERA_HALL_PORTE_DROITE
20260112_211653::CAMERA_FIN_COULOIR_GAUCHE_REZ_PARTIE_2::person:16::intrusion_confirmed::ZONE_2::1275,20260112_211653,2026-01-12 21:19:42,intrusion_confirmed,CAMERA_FIN_COULOIR_GAUCHE_REZ_PARTIE_2,person:16,person,1,ZONE_2,0.0,1275,94.53500776849874,488.3842744351655,CAMERA_HALL_PORTE_DROITE,CAMERA_FIN_COULOIR_GAUCHE_REZ_PARTIE_1
20260112_211653::CAMERA_FIN_COULOIR_GAUCHE_REZ_PARTIE_2::person:16::intrusion_ended::ZONE_2::1276,20260112_211653,2026-01-12 21:19:42,intrusion_ended,CAMERA_FIN_COULOIR_GAUCHE_REZ_PARTIE_2,person:16,person,1,ZONE_2,0.03335744804816443,1276,94.56836521654691,488.41763188321363,CAMERA_HALL_PORTE_DROITE,CAMERA_FIN_COULOIR_GAUCHE_REZ_PARTIE_1
20260112_211653::CAMERA_FIN_COULOIR_GAUCHE_REZ_PARTIE_2::person:16::intrusion_confirmed::ZONE_2::1277,20260112_211653,2026-01-12 21:19:42,intrusion_confirmed,CAMERA_FIN_COULOIR_GAUCHE_REZ_PARTIE_2,person:16,person,1,ZONE_2,0.0,1277,94.60172266459507,488.4509893312618,CAMERA_HALL_PORTE_DROITE,CAMERA_FIN_COULOIR_GAUCHE_REZ_PARTIE_1
20260112_211653::CAMERA_FIN_COULOIR_GAUCHE_REZ_PARTIE_2::person:16::intrusion_ended::ZONE_2::1315,20260112_211653,2026-01-12 21:19:42,intrusion_ended,CAMERA_FIN_COULOIR_GAUCHE_REZ_PARTIE_2,person:16,person,1,ZONE_2,1.2675830258302625,1315,95.86930569042534,489.71857235709206,CAMERA_HALL_PORTE_DROITE,CAMERA_FIN_COULOIR_GAUCHE_REZ_PARTIE_1
20260112_211653::CAMERA_FIN_COULOIR_GAUCHE_REZ_PARTIE_2::person:21::intrusion_confirmed::ZONE_2::1704,20260112_211653,2026-01-12 21:19:42,intrusion_confirmed,CAMERA_FIN_COULOIR_GAUCHE_REZ_PARTIE_2,person:21,person,1,ZONE_2,0.0,1704,108.8453529811614,502.6946196478281,CAMERA_FIN_COULOIR_GAUCHE_REZ_PARTIE_1,CAMERA_FIN_COULOIR_GAUCHE_REZ_PARTIE_1
20260112_211653::CAMERA_FIN_COULOIR_GAUCHE_REZ_PARTIE_2::person:21::intrusion_ended::ZONE_2::1768,20260112_211653,2026-01-12 21:19:42,intrusion_ended,CAMERA_FIN_COULOIR_GAUCHE_REZ_PARTIE_2,person:21,person,1,ZONE_2,2.9020979801903195,1768,111.74745096135172,505.59671762801844,CAMERA_FIN_COULOIR_GAUCHE_REZ_PARTIE_1,CAMERA_FIN_COULOIR_GAUCHE_REZ_PARTIE_1
20260112_211653::CAMERA_FIN_COULOIR_GAUCHE_REZ_PARTIE_2::person:22::intrusion_confirmed::ZONE_2::1712,20260112_211653,2026-01-12 21:19:42,intrusion_confirmed,CAMERA_FIN_COULOIR_GAUCHE_REZ_PARTIE_2,person:22,person,1,ZONE_2,0.0,1712,109.11221256554671,502.96147923221343,CAMERA_FIN_COULOIR_GAUCHE_REZ_PARTIE_1,CAMERA_FIN_COULOIR_GAUCHE_REZ_PARTIE_1
20260112_211653::CAMERA_FIN_COULOIR_GAUCHE_REZ_PARTIE_2::person:22::intrusion_ended::ZONE_2::1755,20260112_211653,2026-01-12 21:19:42,intrusion_ended,CAMERA_FIN_COULOIR_GAUCHE_REZ_PARTIE_2,person:22,person,1,ZONE_2,1.8680170906972222,1755,110.98022965624394,504.82949632291064,CAMERA_FIN_COULOIR_GAUCHE_REZ_PARTIE_1,CAMERA_FIN_COULOIR_GAUCHE_REZ_PARTIE_1
20260112_211653::CAMERA_FIN_COULOIR_GAUCHE_REZ_PARTIE_2::person:22::intrusion_confirmed::ZONE_2::1762,20260112_211653,2026-01-12 21:19:42,intrusion_confirmed,CAMERA_FIN_COULOIR_GAUCHE_REZ_PARTIE_2,person:22,person,1,ZONE_2,0.0,1762,111.54730627306273,505.3965729397295,CAMERA_FIN_COULOIR_GAUCHE_REZ_PARTIE_1,CAMERA_FIN_COULOIR_GAUCHE_REZ_PARTIE_1
20260112_211653::CAMERA_FIN_COULOIR_GAUCHE_REZ_PARTIE_2::person:22::intrusion_ended::ZONE_2::1770,20260112_211653,2026-01-12 21:19:42,intrusion_ended,CAMERA_FIN_COULOIR_GAUCHE_REZ_PARTIE_2,person:22,person,1,ZONE_2,0.26685958438531543,1770,111.81416585744805,505.6634325241148,CAMERA_FIN_COULOIR_GAUCHE_REZ_PARTIE_1,CAMERA_FIN_COULOIR_GAUCHE_REZ_PARTIE_1
20260112_211653::CAMERA_FIN_COULOIR_GAUCHE_REZ_PARTIE_2::person:32::intrusion_confirmed::ZONE_2::2227,20260112_211653,2026-01-12 21:19:42,intrusion_confirmed,CAMERA_FIN_COULOIR_GAUCHE_REZ_PARTIE_2,person:32,person,1,ZONE_2,0.0,2227,127.22530685570014,521.0745735223669,CAMERA_HALL_PORTE_DROITE,CAMERA_FIN_COULOIR_GAUCHE_REZ_PARTIE_1
20260112_211653::CAMERA_FIN_COULOIR_GAUCHE_REZ_PARTIE_2::person:32::intrusion_ended::ZONE_2::2248,20260112_211653,2026-01-12 21:19:42,intrusion_ended,CAMERA_FIN_COULOIR_GAUCHE_REZ_PARTIE_2,person:32,person,1,ZONE_2,0.700506409011453,2248,127.92581326471159,521.7750799313783,CAMERA_HALL_PORTE_DROITE,CAMERA_FIN_COULOIR_GAUCHE_REZ_PARTIE_1
20260112_211653::CAMERA_FIN_COULOIR_GAUCHE_REZ_PARTIE_2::person:38::intrusion_confirmed::ZONE_2::2862,20260112_211653,2026-01-12 21:19:42,intrusion_confirmed,CAMERA_FIN_COULOIR_GAUCHE_REZ_PARTIE_2,person:38,person,1,ZONE_2,0.0,2862,148.40728636628472,542.2565530329514,CAMERA_HALL_PORTE_DROITE,CAMERA_FIN_COULOIR_GAUCHE_REZ_PARTIE_1
20260112_211653::CAMERA_FIN_COULOIR_GAUCHE_REZ_PARTIE_2::person:38::intrusion_ended::ZONE_2::2952,20260112_211653,2026-01-12 21:19:42,intrusion_ended,CAMERA_FIN_COULOIR_GAUCHE_REZ_PARTIE_2,person:38,person,1,ZONE_2,3.1356001165274847,2952,151.5428864828122,545.3921531494789,CAMERA_FIN_COULOIR_GAUCHE_REZ_PARTIE_1,CAMERA_FIN_COULOIR_GAUCHE_REZ_PARTIE_1
20260112_211653::CAMERA_FIN_COULOIR_GAUCHE_REZ_PARTIE_2::person:39::intrusion_confirmed::ZONE_2::2904,20260112_211653,2026-01-12 21:19:42,intrusion_confirmed,CAMERA_FIN_COULOIR_GAUCHE_REZ_PARTIE_2,person:39,person,8,ZONE_2,0.0,2904,149.80829918430763,543.6575658509744,,
20260112_211653::CAMERA_FIN_COULOIR_GAUCHE_REZ_PARTIE_2::person:39::intrusion_ended::ZONE_2::2928,20260112_211653,2026-01-12 21:19:42,intrusion_ended,CAMERA_FIN_COULOIR_GAUCHE_REZ_PARTIE_2,person:39,person,8,ZONE_2,0.9340085453486324,2928,150.74230772965626,544.591574396323,,
20260112_211653::CAMERA_FIN_COULOIR_GAUCHE_REZ_PARTIE_2::person:41::intrusion_confirmed::ZONE_2::2909,20260112_211653,2026-01-12 21:19:42,intrusion_confirmed,CAMERA_FIN_COULOIR_GAUCHE_REZ_PARTIE_2,person:41,person,1,ZONE_2,0.0,2909,150.10851621674112,543.9577828834078,CAMERA_HALL_PORTE_DROITE,CAMERA_FIN_COULOIR_GAUCHE_REZ_PARTIE_1
20260112_211653::CAMERA_FIN_COULOIR_GAUCHE_REZ_PARTIE_2::person:41::intrusion_ended::ZONE_2::2914,20260112_211653,2026-01-12 21:19:42,intrusion_ended,CAMERA_FIN_COULOIR_GAUCHE_REZ_PARTIE_2,person:41,person,1,ZONE_2,0.16678724024080793,2914,150.27530345698193,544.1245701236487,CAMERA_HALL_PORTE_DROITE,CAMERA_FIN_COULOIR_GAUCHE_REZ_PARTIE_1
20260112_211653::CAMERA_FIN_COULOIR_GAUCHE_REZ_PARTIE_2::person:41::intrusion_confirmed::ZONE_2::2917,20260112_211653,2026-01-12 21:19:42,intrusion_confirmed,CAMERA_FIN_COULOIR_GAUCHE_REZ_PARTIE_2,person:41,person,1,ZONE_2,0.0,2917,150.37537580112644,544.2246424677932,CAMERA_HALL_PORTE_DROITE,CAMERA_FIN_COULOIR_GAUCHE_REZ_PARTIE_1
20260112_211653::CAMERA_FIN_COULOIR_GAUCHE_REZ_PARTIE_2::person:41::intrusion_ended::ZONE_2::2957,20260112_211653,2026-01-12 21:19:42,intrusion_ended,CAMERA_FIN_COULOIR_GAUCHE_REZ_PARTIE_2,person:41,person,1,ZONE_2,1.3342979219265771,2957,151.70967372305302,545.5589403897197,CAMERA_FIN_COULOIR_GAUCHE_REZ_PARTIE_1,CAMERA_FIN_COULOIR_GAUCHE_REZ_PARTIE_1
20260112_211653::CAMERA_FIN_COULOIR_GAUCHE_REZ_PARTIE_2::person:44::intrusion_confirmed::ZONE_2::3766,20260112_211653,2026-01-12 21:19:42,intrusion_confirmed,CAMERA_FIN_COULOIR_GAUCHE_REZ_PARTIE_2,person:44,person,1,ZONE_2,0.0,3766,195.00764128957078,588.8569079562375,CAMERA_HALL_PORTE_DROITE,CAMERA_HALL_PORTE_DROITE
20260112_211653::CAMERA_FIN_COULOIR_GAUCHE_REZ_PARTIE_2::person:44::intrusion_ended::ZONE_2::3786,20260112_211653,2026-01-12 21:19:42,intrusion_ended,CAMERA_FIN_COULOIR_GAUCHE_REZ_PARTIE_2,person:44,person,1,ZONE_2,3.9695363177316096,3786,198.9771776073024,592.8264442739692,CAMERA_HALL_PORTE_DROITE,CAMERA_FIN_COULOIR_GAUCHE_REZ_PARTIE_1
20260112_211653::CAMERA_FIN_COULOIR_GAUCHE_REZ_PARTIE_2::person:46::intrusion_confirmed::ZONE_2::3767,20260112_211653,2026-01-12 21:19:42,intrusion_confirmed,CAMERA_FIN_COULOIR_GAUCHE_REZ_PARTIE_2,person:46,person,1,ZONE_2,0.0,3767,195.04099873761896,588.8902654042856,CAMERA_HALL_PORTE_DROITE,CAMERA_HALL_PORTE_DROITE
20260112_211653::CAMERA_FIN_COULOIR_GAUCHE_REZ_PARTIE_2::person:46::intrusion_ended::ZONE_2::3796,20260112_211653,2026-01-12 21:19:42,intrusion_ended,CAMERA_FIN_COULOIR_GAUCHE_REZ_PARTIE_2,person:46,person,1,ZONE_2,4.269753350165075,3796,199.31075208778404,593.1600187544508,CAMERA_HALL_PORTE_DROITE,CAMERA_FIN_COULOIR_GAUCHE_REZ_PARTIE_1
20260112_211653::CAMERA_FIN_COULOIR_GAUCHE_REZ_PARTIE_2::person:49::intrusion_confirmed::ZONE_2::4573,20260112_211653,2026-01-12 21:19:42,intrusion_confirmed,CAMERA_FIN_COULOIR_GAUCHE_REZ_PARTIE_2,person:49,person,1,ZONE_2,0.0,4573,280.06913381239076,673.9184004790575,CAMERA_HALL_PORTE_GAUCHE,CAMERA_HALL_PORTE_GAUCHE
20260112_211653::CAMERA_FIN_COULOIR_GAUCHE_REZ_PARTIE_2::person:49::intrusion_ended::ZONE_2::4594,20260112_211653,2026-01-12 21:19:42,intrusion_ended,CAMERA_FIN_COULOIR_GAUCHE_REZ_PARTIE_2,person:49,person,1,ZONE_2,0.7005064090114388,4594,280.7696402214022,674.618906888069,CAMERA_HALL_PORTE_GAUCHE,CAMERA_HALL_PORTE_GAUCHE
20260112_211653::CAMERA_FIN_COULOIR_GAUCHE_REZ_PARTIE_2::person:50::intrusion_confirmed::ZONE_2::4879,20260112_211653,2026-01-12 21:19:42,intrusion_confirmed,CAMERA_FIN_COULOIR_GAUCHE_REZ_PARTIE_2,person:50,person,3,ZONE_2,0.0,4879,291.87767042144105,685.7269370881078,CAMERA_FIN_COULOIR_GAUCHE_ETAGE1,CAMERA_DEBUT_COULOIR_DROIT
20260112_211653::CAMERA_FIN_COULOIR_GAUCHE_REZ_PARTIE_2::person:50::intrusion_ended::ZONE_2::4880,20260112_211653,2026-01-12 21:19:42,intrusion_ended,CAMERA_FIN_COULOIR_GAUCHE_REZ_PARTIE_2,person:50,person,3,ZONE_2,0.03335744804820706,4880,291.91102786948926,685.7602945361559,CAMERA_FIN_COULOIR_GAUCHE_ETAGE1,CAMERA_DEBUT_COULOIR_DROIT
20260112_211653::CAMERA_FIN_COULOIR_GAUCHE_REZ_PARTIE_2::person:59::intrusion_confirmed::ZONE_2::4859,20260112_211653,2026-01-12 21:19:42,intrusion_confirmed,CAMERA_FIN_COULOIR_GAUCHE_REZ_PARTIE_2,person:59,person,2,ZONE_2,0.0,4859,291.21052146047776,685.0597881271444,CAMERA_HALL_PORTE_ENTREE,CAMERA_HALL_PORTE_ENTREE
20260112_211653::CAMERA_FIN_COULOIR_GAUCHE_REZ_PARTIE_2::person:59::intrusion_ended::ZONE_2::4873,20260112_211653,2026-01-12 21:19:42,intrusion_ended,CAMERA_FIN_COULOIR_GAUCHE_REZ_PARTIE_2,person:59,person,2,ZONE_2,0.4670042726743304,4873,291.6775257331521,685.5267923998188,CAMERA_HALL_PORTE_ENTREE,CAMERA_HALL_PORTE_ENTREE
20260112_211653::CAMERA_HALL_PORTE_ENTREE::person:4::intrusion_confirmed::ZONE_BUREAU_DIRECTEUR::15,20260112_211653,2026-01-12 21:19:50,intrusion_confirmed,CAMERA_HALL_PORTE_ENTREE,person:4,person,1,ZONE_BUREAU_DIRECTEUR,0.0,15,0.5017263890412963,632.5017263890413,CAMERA_HALL_PORTE_DROITE,CAMERA_HALL_PORTE_GAUCHE
20260112_211653::CAMERA_HALL_PORTE_ENTREE::person:4::intrusion_ended::ZONE_BUREAU_DIRECTEUR::30,20260112_211653,2026-01-12 21:19:50,intrusion_ended,CAMERA_HALL_PORTE_ENTREE,person:4,person,1,ZONE_BUREAU_DIRECTEUR,0.5017263890412963,30,1.0034527780825926,633.0034527780826,CAMERA_HALL_PORTE_DROITE,CAMERA_HALL_PORTE_GAUCHE
20260112_211653::CAMERA_HALL_PORTE_ENTREE::person:10::intrusion_confirmed::ZONE_BUREAU_DIRECTEUR::233,20260112_211653,2026-01-12 21:19:50,intrusion_confirmed,CAMERA_HALL_PORTE_ENTREE,person:10,person,2,ZONE_BUREAU_DIRECTEUR,0.0,233,7.7934832431081364,639.7934832431081,CAMERA_HALL_PORTE_DROITE,CAMERA_FIN_COULOIR_GAUCHE_REZ_PARTIE_2
20260112_211653::CAMERA_HALL_PORTE_ENTREE::person:10::intrusion_ended::ZONE_BUREAU_DIRECTEUR::235,20260112_211653,2026-01-12 21:19:50,intrusion_ended,CAMERA_HALL_PORTE_ENTREE,person:10,person,2,ZONE_BUREAU_DIRECTEUR,0.06689685187217265,235,7.860380094980309,639.8603800949803,CAMERA_HALL_PORTE_DROITE,CAMERA_FIN_COULOIR_GAUCHE_REZ_PARTIE_2
20260112_211653::CAMERA_HALL_PORTE_ENTREE::person:13::intrusion_confirmed::ZONE_BUREAU_DIRECTEUR::551,20260112_211653,2026-01-12 21:19:50,intrusion_confirmed,CAMERA_HALL_PORTE_ENTREE,person:13,person,1,ZONE_BUREAU_DIRECTEUR,0.0,551,18.731118524208394,650.7311185242083,CAMERA_HALL_PORTE_GAUCHE,CAMERA_HALL_PORTE_GAUCHE
20260112_211653::CAMERA_HALL_PORTE_ENTREE::person:13::intrusion_ended::ZONE_BUREAU_DIRECTEUR::554,20260112_211653,2026-01-12 21:19:50,intrusion_ended,CAMERA_HALL_PORTE_ENTREE,person:13,person,1,ZONE_BUREAU_DIRECTEUR,0.10034527780826252,554,18.831463802016657,650.8314638020166,CAMERA_HALL_PORTE_GAUCHE,CAMERA_HALL_PORTE_GAUCHE
20260112_211653::CAMERA_HALL_PORTE_ENTREE::person:19::intrusion_confirmed::ZONE_BUREAU_DIRECTEUR::779,20260112_211653,2026-01-12 21:19:50,intrusion_confirmed,CAMERA_HALL_PORTE_ENTREE,person:19,person,2,ZONE_BUREAU_DIRECTEUR,0.0,779,28.999785286586928,660.999785286587,CAMERA_HALL_PORTE_DROITE,CAMERA_FIN_COULOIR_GAUCHE_REZ_PARTIE_2
20260112_211653::CAMERA_HALL_PORTE_ENTREE::person:19::intrusion_ended::ZONE_BUREAU_DIRECTEUR::786,20260112_211653,2026-01-12 21:19:50,intrusion_ended,CAMERA_HALL_PORTE_ENTREE,person:19,person,2,ZONE_BUREAU_DIRECTEUR,0.23413898155260426,786,29.233924268139532,661.2339242681395,CAMERA_HALL_PORTE_DROITE,CAMERA_FIN_COULOIR_GAUCHE_REZ_PARTIE_2
20260112_211653::CAMERA_HALL_PORTE_ENTREE::person:34::intrusion_confirmed::ZONE_BUREAU_DIRECTEUR::1346,20260112_211653,2026-01-12 21:19:50,intrusion_confirmed,CAMERA_HALL_PORTE_ENTREE,person:34,person,1,ZONE_BUREAU_DIRECTEUR,0.0,1346,52.4805802937196,684.4805802937196,CAMERA_DEVANTURE_PORTE_ENTREE,CAMERA_HALL_PORTE_GAUCHE
20260112_211653::CAMERA_HALL_PORTE_ENTREE::person:34::intrusion_ended::ZONE_BUREAU_DIRECTEUR::1359,20260112_211653,2026-01-12 21:19:50,intrusion_ended,CAMERA_HALL_PORTE_ENTREE,person:34,person,1,ZONE_BUREAU_DIRECTEUR,0.4348295371691222,1359,52.91540983088872,684.9154098308887,CAMERA_DEVANTURE_PORTE_ENTREE,CAMERA_HALL_PORTE_GAUCHE
20260112_211653::CAMERA_HALL_PORTE_ENTREE::person:34::intrusion_confirmed::ZONE_BUREAU_DIRECTEUR::2025,20260112_211653,2026-01-12 21:19:50,intrusion_confirmed,CAMERA_HALL_PORTE_ENTREE,person:34,person,1,ZONE_BUREAU_DIRECTEUR,0.0,2025,77.06517335674312,709.0651733567431,CAMERA_FIN_COULOIR_GAUCHE_REZ_PARTIE_2,CAMERA_DEVANTURE_PORTE_ENTREE
20260112_211653::CAMERA_HALL_PORTE_ENTREE::person:34::intrusion_ended::ZONE_BUREAU_DIRECTEUR::2053,20260112_211653,2026-01-12 21:19:50,intrusion_ended,CAMERA_HALL_PORTE_ENTREE,person:34,person,1,ZONE_BUREAU_DIRECTEUR,0.9365559262104171,2053,78.00172928295353,710.0017292829535,CAMERA_FIN_COULOIR_GAUCHE_REZ_PARTIE_1,CAMERA_DEVANTURE_PORTE_ENTREE
20260112_211653::CAMERA_HALL_PORTE_ENTREE::person:49::intrusion_confirmed::ZONE_BUREAU_DIRECTEUR::2835,20260112_211653,2026-01-12 21:19:50,intrusion_confirmed,CAMERA_HALL_PORTE_ENTREE,person:49,person,1,ZONE_BUREAU_DIRECTEUR,0.0,2835,105.46288697648049,737.4628869764805,CAMERA_DEBUT_COULOIR_DROIT,CAMERA_FIN_COULOIR_DROIT
20260112_211653::CAMERA_HALL_PORTE_ENTREE::person:49::intrusion_ended::ZONE_BUREAU_DIRECTEUR::2851,20260112_211653,2026-01-12 21:19:50,intrusion_ended,CAMERA_HALL_PORTE_ENTREE,person:49,person,1,ZONE_BUREAU_DIRECTEUR,0.5351748149773812,2851,105.99806179145787,737.9980617914579,CAMERA_FIN_COULOIR_DROIT,CAMERA_FIN_COULOIR_DROIT
20260112_211653::CAMERA_HALL_PORTE_ENTREE::person:57::intrusion_confirmed::ZONE_BUREAU_DIRECTEUR::3298,20260112_211653,2026-01-12 21:19:50,intrusion_confirmed,CAMERA_HALL_PORTE_ENTREE,person:57,person,9,ZONE_BUREAU_DIRECTEUR,0.0,3298,122.78917161137325,754.7891716113733,CAMERA_FIN_COULOIR_DROIT,CAMERA_DEVANTURE_SOUS_ARBRE
20260112_211653::CAMERA_HALL_PORTE_ENTREE::person:57::intrusion_ended::ZONE_BUREAU_DIRECTEUR::3314,20260112_211653,2026-01-12 21:19:50,intrusion_ended,CAMERA_HALL_PORTE_ENTREE,person:57,person,9,ZONE_BUREAU_DIRECTEUR,0.5351748149773812,3314,123.32434642635063,755.3243464263506,CAMERA_FIN_COULOIR_DROIT,CAMERA_DEVANTURE_SOUS_ARBRE
20260112_211653::CAMERA_HALL_PORTE_ENTREE::person:58::intrusion_confirmed::ZONE_BUREAU_DIRECTEUR::3312,20260112_211653,2026-01-12 21:19:50,intrusion_confirmed,CAMERA_HALL_PORTE_ENTREE,person:58,person,9,ZONE_BUREAU_DIRECTEUR,0.0,3312,123.25744957447846,755.2574495744784,CAMERA_FIN_COULOIR_DROIT,CAMERA_DEVANTURE_SOUS_ARBRE
20260112_211653::CAMERA_HALL_PORTE_ENTREE::person:58::intrusion_ended::ZONE_BUREAU_DIRECTEUR::3317,20260112_211653,2026-01-12 21:19:50,intrusion_ended,CAMERA_HALL_PORTE_ENTREE,person:58,person,9,ZONE_BUREAU_DIRECTEUR,0.16724212968043162,3317,123.42469170415889,755.4246917041589,CAMERA_FIN_COULOIR_DROIT,CAMERA_DEVANTURE_SOUS_ARBRE
20260112_211653::CAMERA_HALL_PORTE_ENTREE::person:69::intrusion_confirmed::ZONE_BUREAU_DIRECTEUR::4758,20260112_211653,2026-01-12 21:19:51,intrusion_confirmed,CAMERA_HALL_PORTE_ENTREE,person:69,person,1,ZONE_BUREAU_DIRECTEUR,0.0,4758,175.26975190509285,807.2697519050928,CAMERA_FIN_COULOIR_DROIT,CAMERA_FIN_COULOIR_DROIT
20260112_211653::CAMERA_HALL_PORTE_ENTREE::person:69::intrusion_ended::ZONE_BUREAU_DIRECTEUR::4783,20260112_211653,2026-01-12 21:19:51,intrusion_ended,CAMERA_HALL_PORTE_ENTREE,person:69,person,1,ZONE_BUREAU_DIRECTEUR,0.8362106484021581,4783,176.105962553495,808.105962553495,CAMERA_FIN_COULOIR_DROIT,CAMERA_FIN_COULOIR_DROIT
20260112_211653::CAMERA_HALL_PORTE_ENTREE::person:71::intrusion_confirmed::ZONE_BUREAU_DIRECTEUR::4836,20260112_211653,2026-01-12 21:19:51,intrusion_confirmed,CAMERA_HALL_PORTE_ENTREE,person:71,person,9,ZONE_BUREAU_DIRECTEUR,0.0,4836,177.91217755404367,809.9121775540436,CAMERA_DEVANTURE_SOUS_ARBRE,CAMERA_ESCALIER_DEBUT_COULOIR_GAUCHE
20260112_211653::CAMERA_HALL_PORTE_ENTREE::person:71::intrusion_ended::ZONE_BUREAU_DIRECTEUR::4881,20260112_211653,2026-01-12 21:19:51,intrusion_ended,CAMERA_HALL_PORTE_ENTREE,person:71,person,9,ZONE_BUREAU_DIRECTEUR,1.505179167123913,4881,179.41735672116758,811.4173567211676,CAMERA_DEVANTURE_SOUS_ARBRE,CAMERA_ESCALIER_DEBUT_COULOIR_GAUCHE
20260112_211653::CAMERA_HALL_PORTE_ENTREE::person:78::intrusion_confirmed::ZONE_BUREAU_DIRECTEUR::5460,20260112_211653,2026-01-12 21:19:51,intrusion_confirmed,CAMERA_HALL_PORTE_ENTREE,person:78,person,1,ZONE_BUREAU_DIRECTEUR,0.0,5460,203.16573913578893,835.165739135789,CAMERA_DEVANTURE_PORTE_ENTREE,CAMERA_ESCALIER_DEBUT_COULOIR_GAUCHE
20260112_211653::CAMERA_HALL_PORTE_ENTREE::person:78::intrusion_ended::ZONE_BUREAU_DIRECTEUR::5477,20260112_211653,2026-01-12 21:19:51,intrusion_ended,CAMERA_HALL_PORTE_ENTREE,person:78,person,1,ZONE_BUREAU_DIRECTEUR,0.5686232409134675,5477,203.7343623767024,835.7343623767024,CAMERA_FIN_COULOIR_DROIT,CAMERA_ESCALIER_DEBUT_COULOIR_GAUCHE
20260112_211653::CAMERA_HALL_PORTE_ENTREE::person:80::intrusion_confirmed::ZONE_BUREAU_DIRECTEUR::5472,20260112_211653,2026-01-12 21:19:51,intrusion_confirmed,CAMERA_HALL_PORTE_ENTREE,person:80,person,1,ZONE_BUREAU_DIRECTEUR,0.0,5472,203.56712024702196,835.567120247022,CAMERA_FIN_COULOIR_DROIT,CAMERA_ESCALIER_DEBUT_COULOIR_GAUCHE
20260112_211653::CAMERA_HALL_PORTE_ENTREE::person:80::intrusion_ended::ZONE_BUREAU_DIRECTEUR::5488,20260112_211653,2026-01-12 21:19:51,intrusion_ended,CAMERA_HALL_PORTE_ENTREE,person:80,person,1,ZONE_BUREAU_DIRECTEUR,0.5351748149773812,5488,204.10229506199934,836.1022950619994,CAMERA_FIN_COULOIR_DROIT,CAMERA_ESCALIER_DEBUT_COULOIR_GAUCHE
20260112_211653::CAMERA_HALL_PORTE_ENTREE::person:82::intrusion_confirmed::ZONE_BUREAU_DIRECTEUR::5516,20260112_211653,2026-01-12 21:19:51,intrusion_confirmed,CAMERA_HALL_PORTE_ENTREE,person:82,person,2,ZONE_BUREAU_DIRECTEUR,0.0,5516,205.03885098820976,837.0388509882098,CAMERA_FIN_COULOIR_DROIT,CAMERA_HALL_PORTE_GAUCHE
20260112_211653::CAMERA_HALL_PORTE_ENTREE::person:82::intrusion_ended::ZONE_BUREAU_DIRECTEUR::5544,20260112_211653,2026-01-12 21:19:51,intrusion_ended,CAMERA_HALL_PORTE_ENTREE,person:82,person,2,ZONE_BUREAU_DIRECTEUR,0.9700043521465034,5544,206.00885534035626,838.0088553403563,CAMERA_FIN_COULOIR_DROIT,CAMERA_HALL_PORTE_GAUCHE
20260112_211653::CAMERA_HALL_PORTE_ENTREE::person:85::intrusion_confirmed::ZONE_BUREAU_DIRECTEUR::5805,20260112_211653,2026-01-12 21:19:51,intrusion_confirmed,CAMERA_HALL_PORTE_ENTREE,person:85,person,2,ZONE_BUREAU_DIRECTEUR,0.0,5805,215.70889886182132,847.7088988618214,CAMERA_FIN_COULOIR_DROIT,CAMERA_HALL_PORTE_GAUCHE
20260112_211653::CAMERA_HALL_PORTE_ENTREE::person:85::intrusion_ended::ZONE_BUREAU_DIRECTEUR::5823,20260112_211653,2026-01-12 21:19:51,intrusion_ended,CAMERA_HALL_PORTE_ENTREE,person:85,person,2,ZONE_BUREAU_DIRECTEUR,0.6020716668495538,5823,216.31097052867088,848.3109705286709,CAMERA_FIN_COULOIR_DROIT,CAMERA_HALL_PORTE_GAUCHE
20260112_211653::CAMERA_HALL_PORTE_ENTREE::person:89::intrusion_confirmed::ZONE_BUREAU_DIRECTEUR::6094,20260112_211653,2026-01-12 21:19:51,intrusion_confirmed,CAMERA_HALL_PORTE_ENTREE,person:89,person,2,ZONE_BUREAU_DIRECTEUR,0.0,6094,226.44584358730506,858.445843587305,CAMERA_FIN_COULOIR_DROIT,CAMERA_HALL_PORTE_GAUCHE
20260112_211653::CAMERA_HALL_PORTE_ENTREE::person:89::intrusion_ended::ZONE_BUREAU_DIRECTEUR::6110,20260112_211653,2026-01-12 21:19:51,intrusion_ended,CAMERA_HALL_PORTE_ENTREE,person:89,person,2,ZONE_BUREAU_DIRECTEUR,0.5351748149773812,6110,226.98101840228244,858.9810184022824,CAMERA_FIN_COULOIR_DROIT,CAMERA_HALL_PORTE_GAUCHE
20260112_211653::CAMERA_HALL_PORTE_ENTREE::person:91::intrusion_confirmed::ZONE_BUREAU_DIRECTEUR::6466,20260112_211653,2026-01-12 21:19:51,intrusion_confirmed,CAMERA_HALL_PORTE_ENTREE,person:91,person,1,ZONE_BUREAU_DIRECTEUR,0.0,6466,239.4907297023788,871.4907297023788,CAMERA_HALL_PORTE_GAUCHE,CAMERA_ESCALIER_DEBUT_COULOIR_GAUCHE
20260112_211653::CAMERA_HALL_PORTE_ENTREE::person:91::intrusion_ended::ZONE_BUREAU_DIRECTEUR::6493,20260112_211653,2026-01-12 21:19:51,intrusion_ended,CAMERA_HALL_PORTE_ENTREE,person:91,person,1,ZONE_BUREAU_DIRECTEUR,0.9031075002743307,6493,240.39383720265312,872.3938372026531,CAMERA_HALL_PORTE_GAUCHE,CAMERA_ESCALIER_DEBUT_COULOIR_GAUCHE
20260112_211653::CAMERA_HALL_PORTE_ENTREE::person:92::intrusion_confirmed::ZONE_BUREAU_DIRECTEUR::6482,20260112_211653,2026-01-12 21:19:51,intrusion_confirmed,CAMERA_HALL_PORTE_ENTREE,person:92,person,1,ZONE_BUREAU_DIRECTEUR,0.0,6482,240.02590451735617,872.0259045173561,CAMERA_HALL_PORTE_GAUCHE,CAMERA_ESCALIER_DEBUT_COULOIR_GAUCHE
20260112_211653::CAMERA_HALL_PORTE_ENTREE::person:92::intrusion_ended::ZONE_BUREAU_DIRECTEUR::6486,20260112_211653,2026-01-12 21:19:51,intrusion_ended,CAMERA_HALL_PORTE_ENTREE,person:92,person,1,ZONE_BUREAU_DIRECTEUR,0.1337937037443453,6486,240.1596982211005,872.1596982211005,CAMERA_HALL_PORTE_GAUCHE,CAMERA_ESCALIER_DEBUT_COULOIR_GAUCHE
20260112_211653::CAMERA_HALL_PORTE_ENTREE::person:93::intrusion_confirmed::ZONE_BUREAU_DIRECTEUR::6484,20260112_211653,2026-01-12 21:19:51,intrusion_confirmed,CAMERA_HALL_PORTE_ENTREE,person:93,person,1,ZONE_BUREAU_DIRECTEUR,0.0,6484,240.09280136922834,872.0928013692284,CAMERA_HALL_PORTE_GAUCHE,CAMERA_ESCALIER_DEBUT_COULOIR_GAUCHE
20260112_211653::CAMERA_HALL_PORTE_ENTREE::person:93::intrusion_ended::ZONE_BUREAU_DIRECTEUR::6502,20260112_211653,2026-01-12 21:19:51,intrusion_ended,CAMERA_HALL_PORTE_ENTREE,person:93,person,1,ZONE_BUREAU_DIRECTEUR,0.6020716668495538,6502,240.6948730360779,872.6948730360779,CAMERA_HALL_PORTE_GAUCHE,CAMERA_ESCALIER_DEBUT_COULOIR_GAUCHE
20260112_211653::CAMERA_HALL_PORTE_ENTREE::person:93::intrusion_confirmed::ZONE_BUREAU_DIRECTEUR::6505,20260112_211653,2026-01-12 21:19:51,intrusion_confirmed,CAMERA_HALL_PORTE_ENTREE,person:93,person,1,ZONE_BUREAU_DIRECTEUR,0.0,6505,240.79521831388615,872.7952183138862,CAMERA_HALL_PORTE_GAUCHE,CAMERA_ESCALIER_DEBUT_COULOIR_GAUCHE
20260112_211653::CAMERA_HALL_PORTE_ENTREE::person:93::intrusion_ended::ZONE_BUREAU_DIRECTEUR::6513,20260112_211653,2026-01-12 21:19:51,intrusion_ended,CAMERA_HALL_PORTE_ENTREE,person:93,person,1,ZONE_BUREAU_DIRECTEUR,0.2675874074886906,6513,241.06280572137484,873.0628057213748,CAMERA_HALL_PORTE_GAUCHE,CAMERA_ESCALIER_DEBUT_COULOIR_GAUCHE
20260112_211653::CAMERA_HALL_PORTE_ENTREE::person:94::intrusion_confirmed::ZONE_BUREAU_DIRECTEUR::7096,20260112_211653,2026-01-12 21:19:51,intrusion_confirmed,CAMERA_HALL_PORTE_ENTREE,person:94,person,1,ZONE_BUREAU_DIRECTEUR,0.0,7096,260.79737702366583,892.7973770236658,CAMERA_HALL_PORTE_GAUCHE,CAMERA_FIN_COULOIR_DROIT
20260112_211653::CAMERA_HALL_PORTE_ENTREE::person:94::intrusion_ended::ZONE_BUREAU_DIRECTEUR::7128,20260112_211653,2026-01-12 21:19:51,intrusion_ended,CAMERA_HALL_PORTE_ENTREE,person:94,person,1,ZONE_BUREAU_DIRECTEUR,1.0703496299547623,7128,261.8677266536206,893.8677266536206,CAMERA_HALL_PORTE_GAUCHE,CAMERA_FIN_COULOIR_DROIT
20260112_211653::CAMERA_HALL_PORTE_ENTREE::person:95::intrusion_confirmed::ZONE_BUREAU_DIRECTEUR::6961,20260112_211653,2026-01-12 21:19:51,intrusion_confirmed,CAMERA_HALL_PORTE_ENTREE,person:95,person,1,ZONE_BUREAU_DIRECTEUR,0.0,6961,256.28183952229415,888.2818395222941,CAMERA_HALL_PORTE_GAUCHE,CAMERA_HALL_PORTE_GAUCHE
20260112_211653::CAMERA_HALL_PORTE_ENTREE::person:95::intrusion_ended::ZONE_BUREAU_DIRECTEUR::6996,20260112_211653,2026-01-12 21:19:51,intrusion_ended,CAMERA_HALL_PORTE_ENTREE,person:95,person,1,ZONE_BUREAU_DIRECTEUR,1.1706949077630497,6996,257.4525344300572,889.4525344300572,CAMERA_HALL_PORTE_GAUCHE,CAMERA_HALL_PORTE_GAUCHE
20260112_211653::CAMERA_HALL_PORTE_ENTREE::person:95::intrusion_confirmed::ZONE_BUREAU_DIRECTEUR::6998,20260112_211653,2026-01-12 21:19:51,intrusion_confirmed,CAMERA_HALL_PORTE_ENTREE,person:95,person,1,ZONE_BUREAU_DIRECTEUR,0.0,6998,257.51943128192937,889.5194312819294,CAMERA_HALL_PORTE_GAUCHE,CAMERA_HALL_PORTE_GAUCHE
20260112_211653::CAMERA_HALL_PORTE_ENTREE::person:95::intrusion_ended::ZONE_BUREAU_DIRECTEUR::7092,20260112_211653,2026-01-12 21:19:51,intrusion_ended,CAMERA_HALL_PORTE_ENTREE,person:95,person,1,ZONE_BUREAU_DIRECTEUR,3.1441520379921144,7092,260.6635833199215,892.6635833199215,CAMERA_HALL_PORTE_GAUCHE,CAMERA_FIN_COULOIR_DROIT
20260112_211653::CAMERA_HALL_PORTE_ENTREE::person:95::intrusion_confirmed::ZONE_BUREAU_DIRECTEUR::7122,20260112_211653,2026-01-12 21:19:51,intrusion_confirmed,CAMERA_HALL_PORTE_ENTREE,person:95,person,1,ZONE_BUREAU_DIRECTEUR,0.0,7122,261.6670360980041,893.667036098004,CAMERA_HALL_PORTE_GAUCHE,CAMERA_FIN_COULOIR_DROIT
20260112_211653::CAMERA_HALL_PORTE_ENTREE::person:95::intrusion_ended::ZONE_BUREAU_DIRECTEUR::7133,20260112_211653,2026-01-12 21:19:51,intrusion_ended,CAMERA_HALL_PORTE_ENTREE,person:95,person,1,ZONE_BUREAU_DIRECTEUR,0.4348295371691506,7133,262.1018656351732,894.1018656351732,CAMERA_HALL_PORTE_GAUCHE,CAMERA_HALL_PORTE_GAUCHE
20260112_211653::CAMERA_HALL_PORTE_ENTREE::person:99::intrusion_confirmed::ZONE_BUREAU_DIRECTEUR::6943,20260112_211653,2026-01-12 21:19:51,intrusion_confirmed,CAMERA_HALL_PORTE_ENTREE,person:99,person,1,ZONE_BUREAU_DIRECTEUR,0.0,6943,255.6797678554446,887.6797678554447,CAMERA_ESCALIER_DEBUT_COULOIR_GAUCHE,CAMERA_HALL_PORTE_GAUCHE
20260112_211653::CAMERA_HALL_PORTE_ENTREE::person:99::intrusion_ended::ZONE_BUREAU_DIRECTEUR::6959,20260112_211653,2026-01-12 21:19:51,intrusion_ended,CAMERA_HALL_PORTE_ENTREE,person:99,person,1,ZONE_BUREAU_DIRECTEUR,0.5351748149773812,6959,256.214942670422,888.214942670422,CAMERA_HALL_PORTE_GAUCHE,CAMERA_HALL_PORTE_GAUCHE
20260112_211653::CAMERA_HALL_PORTE_ENTREE::person:102::intrusion_confirmed::ZONE_BUREAU_DIRECTEUR::7021,20260112_211653,2026-01-12 21:19:51,intrusion_confirmed,CAMERA_HALL_PORTE_ENTREE,person:102,person,1,ZONE_BUREAU_DIRECTEUR,0.0,7021,258.2887450784593,890.2887450784593,CAMERA_HALL_PORTE_GAUCHE,CAMERA_HALL_PORTE_GAUCHE
20260112_211653::CAMERA_HALL_PORTE_ENTREE::person:102::intrusion_ended::ZONE_BUREAU_DIRECTEUR::7041,20260112_211653,2026-01-12 21:19:51,intrusion_ended,CAMERA_HALL_PORTE_ENTREE,person:102,person,1,ZONE_BUREAU_DIRECTEUR,0.6689685187217265,7041,258.95771359718105,890.957713597181,CAMERA_HALL_PORTE_GAUCHE,CAMERA_HALL_PORTE_GAUCHE
20260112_211653::CAMERA_HALL_PORTE_ENTREE::person:103::intrusion_confirmed::ZONE_BUREAU_DIRECTEUR::6992,20260112_211653,2026-01-12 21:19:51,intrusion_confirmed,CAMERA_HALL_PORTE_ENTREE,person:103,person,9,ZONE_BUREAU_DIRECTEUR,0.0,6992,257.31874072631285,889.3187407263129,CAMERA_ESCALIER_DEBUT_COULOIR_GAUCHE,CAMERA_DEVANTURE_PORTE_ENTREE
20260112_211653::CAMERA_HALL_PORTE_ENTREE::person:103::intrusion_ended::ZONE_BUREAU_DIRECTEUR::7010,20260112_211653,2026-01-12 21:19:51,intrusion_ended,CAMERA_HALL_PORTE_ENTREE,person:103,person,9,ZONE_BUREAU_DIRECTEUR,0.6020716668495538,7010,257.9208123931624,889.9208123931624,CAMERA_ESCALIER_DEBUT_COULOIR_GAUCHE,CAMERA_DEVANTURE_PORTE_ENTREE
20260112_211653::CAMERA_HALL_PORTE_ENTREE::person:107::intrusion_confirmed::ZONE_BUREAU_DIRECTEUR::7682,20260112_211653,2026-01-12 21:19:51,intrusion_confirmed,CAMERA_HALL_PORTE_ENTREE,person:107,person,2,ZONE_BUREAU_DIRECTEUR,0.0,7682,285.1143826792007,917.1143826792006,CAMERA_FIN_COULOIR_DROIT,CAMERA_HALL_PORTE_GAUCHE
20260112_211653::CAMERA_HALL_PORTE_ENTREE::person:107::intrusion_ended::ZONE_BUREAU_DIRECTEUR::7750,20260112_211653,2026-01-12 21:19:51,intrusion_ended,CAMERA_HALL_PORTE_ENTREE,person:107,person,2,ZONE_BUREAU_DIRECTEUR,2.27449296365387,7750,287.38887564285454,919.3888756428546,CAMERA_FIN_COULOIR_DROIT,CAMERA_HALL_PORTE_GAUCHE
20260112_211653::CAMERA_HALL_PORTE_ENTREE::person:107::intrusion_confirmed::ZONE_BUREAU_DIRECTEUR::7759,20260112_211653,2026-01-12 21:19:51,intrusion_confirmed,CAMERA_HALL_PORTE_ENTREE,person:107,person,2,ZONE_BUREAU_DIRECTEUR,0.0,7759,287.6899114762793,919.6899114762793,CAMERA_FIN_COULOIR_DROIT,CAMERA_HALL_PORTE_GAUCHE
20260112_211653::CAMERA_HALL_PORTE_ENTREE::person:107::intrusion_ended::ZONE_BUREAU_DIRECTEUR::7831,20260112_211653,2026-01-12 21:19:51,intrusion_ended,CAMERA_HALL_PORTE_ENTREE,person:107,person,2,ZONE_BUREAU_DIRECTEUR,2.44173509333433,7831,290.1316465696136,922.1316465696136,CAMERA_FIN_COULOIR_DROIT,CAMERA_HALL_PORTE_GAUCHE
20260112_211653::CAMERA_HALL_PORTE_ENTREE::person:112::intrusion_confirmed::ZONE_BUREAU_DIRECTEUR::7821,20260112_211653,2026-01-12 21:19:51,intrusion_confirmed,CAMERA_HALL_PORTE_ENTREE,person:112,person,2,ZONE_BUREAU_DIRECTEUR,0.0,7821,289.79716231025276,921.7971623102528,CAMERA_FIN_COULOIR_DROIT,CAMERA_HALL_PORTE_GAUCHE
20260112_211653::CAMERA_HALL_PORTE_ENTREE::person:112::intrusion_ended::ZONE_BUREAU_DIRECTEUR::7842,20260112_211653,2026-01-12 21:19:51,intrusion_ended,CAMERA_HALL_PORTE_ENTREE,person:112,person,2,ZONE_BUREAU_DIRECTEUR,0.7024169446577844,7842,290.49957925491054,922.4995792549105,CAMERA_FIN_COULOIR_DROIT,CAMERA_HALL_PORTE_GAUCHE
20260112_211653::CAMERA_HALL_PORTE_ENTREE::person:112::intrusion_confirmed::ZONE_BUREAU_DIRECTEUR::7870,20260112_211653,2026-01-12 21:19:51,intrusion_confirmed,CAMERA_HALL_PORTE_ENTREE,person:112,person,2,ZONE_BUREAU_DIRECTEUR,0.0,7870,291.436135181121,923.436135181121,CAMERA_FIN_COULOIR_DROIT,CAMERA_HALL_PORTE_GAUCHE
20260112_211653::CAMERA_HALL_PORTE_ENTREE::person:112::intrusion_ended::ZONE_BUREAU_DIRECTEUR::7940,20260112_211653,2026-01-12 21:19:51,intrusion_ended,CAMERA_HALL_PORTE_ENTREE,person:112,person,2,ZONE_BUREAU_DIRECTEUR,2.3413898155260426,7940,293.77752499664706,925.7775249966471,CAMERA_FIN_COULOIR_DROIT,CAMERA_HALL_PORTE_GAUCHE
20260112_211653::CAMERA_HALL_PORTE_ENTREE::person:113::intrusion_confirmed::ZONE_BUREAU_DIRECTEUR::7826,20260112_211653,2026-01-12 21:19:51,intrusion_confirmed,CAMERA_HALL_PORTE_ENTREE,person:113,person,2,ZONE_BUREAU_DIRECTEUR,0.0,7826,289.96440443993316,921.9644044399331,CAMERA_FIN_COULOIR_DROIT,CAMERA_HALL_PORTE_GAUCHE
20260112_211653::CAMERA_HALL_PORTE_ENTREE::person:113::intrusion_ended::ZONE_BUREAU_DIRECTEUR::7884,20260112_211653,2026-01-12 21:19:51,intrusion_ended,CAMERA_HALL_PORTE_ENTREE,person:113,person,2,ZONE_BUREAU_DIRECTEUR,1.9400087042930636,7884,291.9044131442262,923.9044131442263,CAMERA_FIN_COULOIR_DROIT,CAMERA_HALL_PORTE_GAUCHE
20260112_211653::CAMERA_HALL_PORTE_ENTREE::person:114::intrusion_confirmed::ZONE_BUREAU_DIRECTEUR::7837,20260112_211653,2026-01-12 21:19:51,intrusion_confirmed,CAMERA_HALL_PORTE_ENTREE,person:114,person,2,ZONE_BUREAU_DIRECTEUR,0.0,7837,290.33233712523014,922.3323371252302,CAMERA_FIN_COULOIR_DROIT,CAMERA_HALL_PORTE_GAUCHE
20260112_211653::CAMERA_HALL_PORTE_ENTREE::person:114::intrusion_ended::ZONE_BUREAU_DIRECTEUR::7877,20260112_211653,2026-01-12 21:19:51,intrusion_ended,CAMERA_HALL_PORTE_ENTREE,person:114,person,2,ZONE_BUREAU_DIRECTEUR,1.337937037443453,7877,291.6702741626736,923.6702741626736,CAMERA_FIN_COULOIR_DROIT,CAMERA_HALL_PORTE_GAUCHE
20260112_211653::CAMERA_HALL_PORTE_ENTREE::person:119::intrusion_confirmed::ZONE_BUREAU_DIRECTEUR::8239,20260112_211653,2026-01-12 21:19:51,intrusion_confirmed,CAMERA_HALL_PORTE_ENTREE,person:119,person,3,ZONE_BUREAU_DIRECTEUR,0.0,8239,303.7786043515369,935.7786043515368,CAMERA_DEBUT_COULOIR_DROIT,CAMERA_DEBUT_COULOIR_DROIT
20260112_211653::CAMERA_HALL_PORTE_ENTREE::person:119::intrusion_ended::ZONE_BUREAU_DIRECTEUR::8256,20260112_211653,2026-01-12 21:19:51,intrusion_ended,CAMERA_HALL_PORTE_ENTREE,person:119,person,3,ZONE_BUREAU_DIRECTEUR,0.5686232409134391,8256,304.34722759245034,936.3472275924503,CAMERA_DEVANTURE_SOUS_ARBRE,CAMERA_HALL_PORTE_GAUCHE
20260112_211653::CAMERA_HALL_PORTE_ENTREE::person:126::intrusion_confirmed::ZONE_BUREAU_DIRECTEUR::8939,20260112_211653,2026-01-12 21:19:51,intrusion_confirmed,CAMERA_HALL_PORTE_ENTREE,person:126,person,11,ZONE_BUREAU_DIRECTEUR,0.0,8939,329.0990627851543,961.0990627851543,CAMERA_ESCALIER_DEBUT_COULOIR_GAUCHE,CAMERA_DEBUT_COULOIR_DROIT
20260112_211653::CAMERA_HALL_PORTE_ENTREE::person:126::intrusion_ended::ZONE_BUREAU_DIRECTEUR::8949,20260112_211653,2026-01-12 21:19:51,intrusion_ended,CAMERA_HALL_PORTE_ENTREE,person:126,person,11,ZONE_BUREAU_DIRECTEUR,0.3344842593609201,8949,329.4335470445152,961.4335470445152,CAMERA_ESCALIER_DEBUT_COULOIR_GAUCHE,CAMERA_DEBUT_COULOIR_DROIT
20260112_211653::CAMERA_HALL_PORTE_ENTREE::person:130::intrusion_confirmed::ZONE_BUREAU_DIRECTEUR::9848,20260112_211653,2026-01-12 21:19:51,intrusion_confirmed,CAMERA_HALL_PORTE_ENTREE,person:130,person,3,ZONE_BUREAU_DIRECTEUR,0.0,9848,360.9085158503725,992.9085158503725,CAMERA_DEVANTURE_PORTE_ENTREE,CAMERA_DEVANTURE_PORTE_ENTREE
20260112_211653::CAMERA_HALL_PORTE_ENTREE::person:130::intrusion_ended::ZONE_BUREAU_DIRECTEUR::9856,20260112_211653,2026-01-12 21:19:51,intrusion_ended,CAMERA_HALL_PORTE_ENTREE,person:130,person,3,ZONE_BUREAU_DIRECTEUR,0.2675874074886906,9856,361.1761032578612,993.1761032578612,CAMERA_DEVANTURE_PORTE_ENTREE,CAMERA_ESCALIER_DEBUT_COULOIR_GAUCHE
20260112_211653::CAMERA_HALL_PORTE_ENTREE::person:130::intrusion_confirmed::ZONE_BUREAU_DIRECTEUR::9858,20260112_211653,2026-01-12 21:19:51,intrusion_confirmed,CAMERA_HALL_PORTE_ENTREE,person:130,person,3,ZONE_BUREAU_DIRECTEUR,0.0,9858,361.2430001097334,993.2430001097334,CAMERA_DEVANTURE_PORTE_ENTREE,CAMERA_ESCALIER_DEBUT_COULOIR_GAUCHE
20260112_211653::CAMERA_HALL_PORTE_ENTREE::person:130::intrusion_ended::ZONE_BUREAU_DIRECTEUR::9874,20260112_211653,2026-01-12 21:19:51,intrusion_ended,CAMERA_HALL_PORTE_ENTREE,person:130,person,3,ZONE_BUREAU_DIRECTEUR,0.5351748149773812,9874,361.77817492471075,993.7781749247108,CAMERA_ESCALIER_DEBUT_COULOIR_GAUCHE,CAMERA_ESCALIER_DEBUT_COULOIR_GAUCHE
20260112_211653::CAMERA_HALL_PORTE_ENTREE::person:131::intrusion_confirmed::ZONE_BUREAU_DIRECTEUR::9854,20260112_211653,2026-01-12 21:19:51,intrusion_confirmed,CAMERA_HALL_PORTE_ENTREE,person:131,person,3,ZONE_BUREAU_DIRECTEUR,0.0,9854,361.109206405989,993.109206405989,CAMERA_DEVANTURE_PORTE_ENTREE,CAMERA_ESCALIER_DEBUT_COULOIR_GAUCHE
20260112_211653::CAMERA_HALL_PORTE_ENTREE::person:131::intrusion_ended::ZONE_BUREAU_DIRECTEUR::9870,20260112_211653,2026-01-12 21:19:51,intrusion_ended,CAMERA_HALL_PORTE_ENTREE,person:131,person,3,ZONE_BUREAU_DIRECTEUR,0.5351748149773812,9870,361.6443812209664,993.6443812209664,CAMERA_DEVANTURE_PORTE_ENTREE,CAMERA_ESCALIER_DEBUT_COULOIR_GAUCHE
20260112_211653::CAMERA_HALL_PORTE_ENTREE::person:140::intrusion_confirmed::ZONE_BUREAU_DIRECTEUR::10150,20260112_211653,2026-01-12 21:19:51,intrusion_confirmed,CAMERA_HALL_PORTE_ENTREE,person:140,person,2,ZONE_BUREAU_DIRECTEUR,0.0,10150,371.0099404830706,1003.0099404830705,CAMERA_HALL_PORTE_GAUCHE,CAMERA_DEVANTURE_PORTE_ENTREE
20260112_211653::CAMERA_HALL_PORTE_ENTREE::person:140::intrusion_ended::ZONE_BUREAU_DIRECTEUR::10188,20260112_211653,2026-01-12 21:19:51,intrusion_ended,CAMERA_HALL_PORTE_ENTREE,person:140,person,2,ZONE_BUREAU_DIRECTEUR,1.2710401855712803,10188,372.28098066864186,1004.2809806686419,CAMERA_HALL_PORTE_GAUCHE,CAMERA_DEVANTURE_PORTE_ENTREE
20260112_211653::CAMERA_HALL_PORTE_ENTREE::person:140::intrusion_confirmed::ZONE_BUREAU_DIRECTEUR::10287,20260112_211653,2026-01-12 21:19:51,intrusion_confirmed,CAMERA_HALL_PORTE_ENTREE,person:140,person,2,ZONE_BUREAU_DIRECTEUR,0.0,10287,375.6258232622505,1007.6258232622505,CAMERA_HALL_PORTE_GAUCHE,CAMERA_HALL_PORTE_GAUCHE
20260112_211653::CAMERA_HALL_PORTE_ENTREE::person:140::intrusion_ended::ZONE_BUREAU_DIRECTEUR::10300,20260112_211653,2026-01-12 21:19:51,intrusion_ended,CAMERA_HALL_PORTE_ENTREE,person:140,person,2,ZONE_BUREAU_DIRECTEUR,0.4348295371691506,10300,376.06065279941964,1008.0606527994196,CAMERA_HALL_PORTE_GAUCHE,CAMERA_HALL_PORTE_GAUCHE
20260112_211653::CAMERA_HALL_PORTE_ENTREE::person:140::intrusion_confirmed::ZONE_BUREAU_DIRECTEUR::10378,20260112_211653,2026-01-12 21:19:51,intrusion_confirmed,CAMERA_HALL_PORTE_ENTREE,person:140,person,2,ZONE_BUREAU_DIRECTEUR,0.0,10378,379.0710111336674,1011.0710111336674,CAMERA_DEVANTURE_PORTE_ENTREE,CAMERA_HALL_PORTE_GAUCHE
20260112_211653::CAMERA_HALL_PORTE_ENTREE::person:140::intrusion_ended::ZONE_BUREAU_DIRECTEUR::10404,20260112_211653,2026-01-12 21:19:51,intrusion_ended,CAMERA_HALL_PORTE_ENTREE,person:140,person,2,ZONE_BUREAU_DIRECTEUR,0.8696590743382444,10404,379.94067020800566,1011.9406702080057,CAMERA_DEVANTURE_PORTE_ENTREE,CAMERA_HALL_PORTE_GAUCHE
20260112_211653::CAMERA_HALL_PORTE_ENTREE::person:141::intrusion_confirmed::ZONE_BUREAU_DIRECTEUR::9977,20260112_211653,2026-01-12 21:19:51,intrusion_confirmed,CAMERA_HALL_PORTE_ENTREE,person:141,person,2,ZONE_BUREAU_DIRECTEUR,0.0,9977,365.2233627961276,997.2233627961276,CAMERA_HALL_PORTE_GAUCHE,CAMERA_DEVANTURE_PORTE_ENTREE
20260112_211653::CAMERA_HALL_PORTE_ENTREE::person:141::intrusion_ended::ZONE_BUREAU_DIRECTEUR::10004,20260112_211653,2026-01-12 21:19:51,intrusion_ended,CAMERA_HALL_PORTE_ENTREE,person:141,person,2,ZONE_BUREAU_DIRECTEUR,0.9031075002743592,10004,366.126470296402,998.126470296402,CAMERA_HALL_PORTE_GAUCHE,CAMERA_DEVANTURE_PORTE_ENTREE
20260112_211653::CAMERA_HALL_PORTE_ENTREE::person:142::intrusion_confirmed::ZONE_BUREAU_DIRECTEUR::9985,20260112_211653,2026-01-12 21:19:51,intrusion_confirmed,CAMERA_HALL_PORTE_ENTREE,person:142,person,2,ZONE_BUREAU_DIRECTEUR,0.0,9985,365.4909502036163,997.4909502036163,CAMERA_HALL_PORTE_GAUCHE,CAMERA_DEVANTURE_PORTE_ENTREE
20260112_211653::CAMERA_HALL_PORTE_ENTREE::person:142::intrusion_ended::ZONE_BUREAU_DIRECTEUR::10001,20260112_211653,2026-01-12 21:19:51,intrusion_ended,CAMERA_HALL_PORTE_ENTREE,person:142,person,2,ZONE_BUREAU_DIRECTEUR,0.5351748149773812,10001,366.0261250185937,998.0261250185937,CAMERA_HALL_PORTE_GAUCHE,CAMERA_DEVANTURE_PORTE_ENTREE
20260112_211653::CAMERA_HALL_PORTE_ENTREE::person:143::intrusion_confirmed::ZONE_BUREAU_DIRECTEUR::10021,20260112_211653,2026-01-12 21:19:51,intrusion_confirmed,CAMERA_HALL_PORTE_ENTREE,person:143,person,2,ZONE_BUREAU_DIRECTEUR,0.0,10021,366.6950935373154,998.6950935373154,CAMERA_HALL_PORTE_GAUCHE,CAMERA_DEVANTURE_PORTE_ENTREE
20260112_211653::CAMERA_HALL_PORTE_ENTREE::person:143::intrusion_ended::ZONE_BUREAU_DIRECTEUR::10049,20260112_211653,2026-01-12 21:19:51,intrusion_ended,CAMERA_HALL_PORTE_ENTREE,person:143,person,2,ZONE_BUREAU_DIRECTEUR,0.9365559262104171,10049,367.63164946352583,999.6316494635258,CAMERA_HALL_PORTE_GAUCHE,CAMERA_DEVANTURE_PORTE_ENTREE
20260112_211653::CAMERA_HALL_PORTE_ENTREE::person:156::intrusion_confirmed::ZONE_BUREAU_DIRECTEUR::10237,20260112_211653,2026-01-12 21:19:51,intrusion_confirmed,CAMERA_HALL_PORTE_ENTREE,person:156,person,2,ZONE_BUREAU_DIRECTEUR,0.0,10237,373.9534019654462,1005.9534019654461,CAMERA_HALL_PORTE_GAUCHE,CAMERA_DEVANTURE_PORTE_ENTREE
20260112_211653::CAMERA_HALL_PORTE_ENTREE::person:156::intrusion_ended::ZONE_BUREAU_DIRECTEUR::10295,20260112_211653,2026-01-12 21:19:51,intrusion_ended,CAMERA_HALL_PORTE_ENTREE,person:156,person,2,ZONE_BUREAU_DIRECTEUR,1.9400087042930068,10295,375.8934106697392,1007.8934106697392,CAMERA_HALL_PORTE_GAUCHE,CAMERA_HALL_PORTE_GAUCHE
20260112_211653::CAMERA_HALL_PORTE_ENTREE::person:162::intrusion_confirmed::ZONE_BUREAU_DIRECTEUR::10387,20260112_211653,2026-01-12 21:19:51,intrusion_confirmed,CAMERA_HALL_PORTE_ENTREE,person:162,person,2,ZONE_BUREAU_DIRECTEUR,0.0,10387,379.3720469670922,1011.3720469670923,CAMERA_DEVANTURE_PORTE_ENTREE,CAMERA_HALL_PORTE_GAUCHE
20260112_211653::CAMERA_HALL_PORTE_ENTREE::person:162::intrusion_ended::ZONE_BUREAU_DIRECTEUR::10393,20260112_211653,2026-01-12 21:19:51,intrusion_ended,CAMERA_HALL_PORTE_ENTREE,person:162,person,2,ZONE_BUREAU_DIRECTEUR,0.20069055561651794,10393,379.57273752270874,1011.5727375227087,CAMERA_DEVANTURE_PORTE_ENTREE,CAMERA_HALL_PORTE_GAUCHE
20260112_211653::CAMERA_HALL_PORTE_ENTREE::person:168::intrusion_confirmed::ZONE_BUREAU_DIRECTEUR::10693,20260112_211653,2026-01-12 21:19:52,intrusion_confirmed,CAMERA_HALL_PORTE_ENTREE,person:168,person,1,ZONE_BUREAU_DIRECTEUR,0.0,10693,394.95901345330844,1026.9590134533084,CAMERA_DEBUT_COULOIR_DROIT,CAMERA_FIN_COULOIR_DROIT
20260112_211653::CAMERA_HALL_PORTE_ENTREE::person:168::intrusion_ended::ZONE_BUREAU_DIRECTEUR::10694,20260112_211653,2026-01-12 21:19:52,intrusion_ended,CAMERA_HALL_PORTE_ENTREE,person:168,person,1,ZONE_BUREAU_DIRECTEUR,0.033448425936114745,10694,394.99246187924456,1026.9924618792445,CAMERA_DEBUT_COULOIR_DROIT,CAMERA_FIN_COULOIR_DROIT
20260112_211653::CAMERA_HALL_PORTE_ENTREE::person:169::intrusion_confirmed::ZONE_BUREAU_DIRECTEUR::11129,20260112_211653,2026-01-12 21:19:52,intrusion_confirmed,CAMERA_HALL_PORTE_ENTREE,person:169,person,2,ZONE_BUREAU_DIRECTEUR,0.0,11129,410.6128767913969,1042.612876791397,CAMERA_HALL_PORTE_GAUCHE,CAMERA_HALL_PORTE_GAUCHE
20260112_211653::CAMERA_HALL_PORTE_ENTREE::person:169::intrusion_ended::ZONE_BUREAU_DIRECTEUR::11153,20260112_211653,2026-01-12 21:19:52,intrusion_ended,CAMERA_HALL_PORTE_ENTREE,person:169,person,2,ZONE_BUREAU_DIRECTEUR,0.8027622224660718,11153,411.415639013863,1043.415639013863,CAMERA_HALL_PORTE_GAUCHE,CAMERA_HALL_PORTE_GAUCHE
20260112_211653::CAMERA_HALL_PORTE_ENTREE::person:176::intrusion_confirmed::ZONE_BUREAU_DIRECTEUR::11758,20260112_211653,2026-01-12 21:19:52,intrusion_confirmed,CAMERA_HALL_PORTE_ENTREE,person:176,person,1,ZONE_BUREAU_DIRECTEUR,0.0,11758,437.739550225563,1069.739550225563,CAMERA_DEVANTURE_SOUS_ARBRE,CAMERA_HALL_PORTE_GAUCHE
20260112_211653::CAMERA_HALL_PORTE_ENTREE::person:176::intrusion_ended::ZONE_BUREAU_DIRECTEUR::11763,20260112_211653,2026-01-12 21:19:52,intrusion_ended,CAMERA_HALL_PORTE_ENTREE,person:176,person,1,ZONE_BUREAU_DIRECTEUR,0.16724212968046004,11763,437.90679235524345,1069.9067923552434,CAMERA_DEVANTURE_SOUS_ARBRE,CAMERA_HALL_PORTE_GAUCHE
20260112_211653::CAMERA_HALL_PORTE_ENTREE::person:180::intrusion_confirmed::ZONE_BUREAU_DIRECTEUR::12535,20260112_211653,2026-01-12 21:19:52,intrusion_confirmed,CAMERA_HALL_PORTE_ENTREE,person:180,person,2,ZONE_BUREAU_DIRECTEUR,0.0,12535,464.36449727068776,1096.3644972706877,CAMERA_HALL_PORTE_GAUCHE,CAMERA_HALL_PORTE_GAUCHE
20260112_211653::CAMERA_HALL_PORTE_ENTREE::person:180::intrusion_ended::ZONE_BUREAU_DIRECTEUR::12564,20260112_211653,2026-01-12 21:19:52,intrusion_ended,CAMERA_HALL_PORTE_ENTREE,person:180,person,2,ZONE_BUREAU_DIRECTEUR,0.9700043521465318,12564,465.3345016228343,1097.3345016228343,CAMERA_HALL_PORTE_GAUCHE,CAMERA_HALL_PORTE_GAUCHE
20260112_211653::CAMERA_HALL_PORTE_ENTREE::person:181::intrusion_confirmed::ZONE_BUREAU_DIRECTEUR::13099,20260112_211653,2026-01-12 21:19:52,intrusion_confirmed,CAMERA_HALL_PORTE_ENTREE,person:181,person,2,ZONE_BUREAU_DIRECTEUR,0.0,13099,486.507355240377,1118.507355240377,CAMERA_HALL_PORTE_GAUCHE,CAMERA_HALL_PORTE_GAUCHE
20260112_211653::CAMERA_HALL_PORTE_ENTREE::person:181::intrusion_ended::ZONE_BUREAU_DIRECTEUR::13111,20260112_211653,2026-01-12 21:19:52,intrusion_ended,CAMERA_HALL_PORTE_ENTREE,person:181,person,2,ZONE_BUREAU_DIRECTEUR,0.4013811112330359,13111,486.90873635161006,1118.90873635161,CAMERA_HALL_PORTE_GAUCHE,CAMERA_HALL_PORTE_GAUCHE
20260112_211653::CAMERA_HALL_PORTE_ENTREE::person:183::intrusion_confirmed::ZONE_BUREAU_DIRECTEUR::13430,20260112_211653,2026-01-12 21:19:52,intrusion_confirmed,CAMERA_HALL_PORTE_ENTREE,person:183,person,1,ZONE_BUREAU_DIRECTEUR,0.0,13430,503.8001914493337,1135.8001914493336,CAMERA_HALL_PORTE_GAUCHE,CAMERA_DEBUT_COULOIR_DROIT
20260112_211653::CAMERA_HALL_PORTE_ENTREE::person:183::intrusion_ended::ZONE_BUREAU_DIRECTEUR::13436,20260112_211653,2026-01-12 21:19:52,intrusion_ended,CAMERA_HALL_PORTE_ENTREE,person:183,person,1,ZONE_BUREAU_DIRECTEUR,0.20069055561651794,13436,504.0008820049502,1136.0008820049502,CAMERA_HALL_PORTE_GAUCHE,CAMERA_DEBUT_COULOIR_DROIT
20260112_211653::CAMERA_HALL_PORTE_ENTREE::person:200::intrusion_confirmed::ZONE_BUREAU_DIRECTEUR::14902,20260112_211653,2026-01-12 21:19:52,intrusion_confirmed,CAMERA_HALL_PORTE_ENTREE,person:200,person,11,ZONE_BUREAU_DIRECTEUR,0.0,14902,565.7132278570297,1197.7132278570298,CAMERA_ESCALIER_DEBUT_COULOIR_GAUCHE,
20260112_211653::CAMERA_HALL_PORTE_ENTREE::person:200::intrusion_ended::ZONE_BUREAU_DIRECTEUR::14924,20260112_211653,2026-01-12 21:19:52,intrusion_ended,CAMERA_HALL_PORTE_ENTREE,person:200,person,11,ZONE_BUREAU_DIRECTEUR,1.7727665746125467,14924,567.4859944316422,1199.4859944316422,CAMERA_ESCALIER_DEBUT_COULOIR_GAUCHE,
